segment_id,corridor_id,sequence_number,start_chainage_m,end_chainage_m,start_chainage_km,end_chainage_km,segment_length_m,start_longitude,start_latitude,end_longitude,end_latitude,district_primary,districts_intersected,geometry_source,geometry_version,data_quality_status
NH44-JK-0001,NH44-JK-PILOT,1,0.0,500.0,0.0,0.5,500.0,75.517501,33.578163,75.514745,33.57674,kishtwar,kishtwar,GeoSlide-JK Processed NH-44 LineString,2.3A,Verified Continuous Geometry
NH44-JK-0002,NH44-JK-PILOT,2,500.0,1000.0,0.5,1.0,500.0,75.514745,33.57674,75.514893,33.57286,kishtwar,kishtwar,GeoSlide-JK Processed NH-44 LineString,2.3A,Verified Continuous Geometry
NH44-JK-0003,NH44-JK-PILOT,3,1000.0,1500.0,1.0,1.5,500.0,75.514893,33.57286,75.514912,33.574737,kishtwar,kishtwar,GeoSlide-JK Processed NH-44 LineString,2.3A,Verified Continuous Geometry
NH44-JK-0004,NH44-JK-PILOT,4,1500.0,2000.0,1.5,2.0,500.0,75.514912,33.574737,75.512904,33.578456,kishtwar,kishtwar,GeoSlide-JK Processed NH-44 LineString,2.3A,Verified Continuous Geometry
NH44-JK-0005,NH44-JK-PILOT,5,2000.0,2500.0,2.0,2.5,500.0,75.512904,33.578456,75.516834,33.579967,kishtwar,kishtwar,GeoSlide-JK Processed NH-44 LineString,2.3A,Verified Continuous Geometry
NH44-JK-0006,NH44-JK-PILOT,6,2500.0,3000.0,2.5,3.0,500.0,75.516834,33.579967,75.518858,33.580278,kishtwar,kishtwar,GeoSlide-JK Processed NH-44 LineString,2.3A,Verified Continuous Geometry
NH44-JK-0007,NH44-JK-PILOT,7,3000.0,3500.0,3.0,3.5,500.0,75.518858,33.580278,75.514011,33.580136,kishtwar,kishtwar,GeoSlide-JK Processed NH-44 LineString,2.3A,Verified Continuous Geometry
NH44-JK-0008,NH44-JK-PILOT,8,3500.0,4000.0,3.5,4.0,500.0,75.514011,33.580136,75.511952,33.577252,kishtwar,kishtwar,GeoSlide-JK Processed NH-44 LineString,2.3A,Verified Continuous Geometry
NH44-JK-0009,NH44-JK-PILOT,9,4000.0,4500.0,4.0,4.5,500.0,75.511952,33.577252,75.512601,33.573351,kishtwar,kishtwar,GeoSlide-JK Processed NH-44 LineString,2.3A,Verified Continuous Geometry
NH44-JK-0010,NH44-JK-PILOT,10,4500.0,5000.0,4.5,5.0,500.0,75.512601,33.573351,75.511276,33.576164,kishtwar,kishtwar,GeoSlide-JK Processed NH-44 LineString,2.3A,Verified Continuous Geometry
NH44-JK-0011,NH44-JK-PILOT,11,5000.0,5500.0,5.0,5.5,500.0,75.511276,33.576164,75.511366,33.58034,kishtwar,kishtwar,GeoSlide-JK Processed NH-44 LineString,2.3A,Verified Continuous Geometry
NH44-JK-0012,NH44-JK-PILOT,12,5500.0,6000.0,5.5,6.0,500.0,75.511366,33.58034,75.510437,33.578803,kishtwar,kishtwar,GeoSlide-JK Processed NH-44 LineString,2.3A,Verified Continuous Geometry
NH44-JK-0013,NH44-JK-PILOT,13,6000.0,6500.0,6.0,6.5,500.0,75.510437,33.578803,75.510844,33.583076,kishtwar,kishtwar;anantnag,GeoSlide-JK Processed NH-44 LineString,2.3A,Verified Continuous Geometry
NH44-JK-0014,NH44-JK-PILOT,14,6500.0,7000.0,6.5,7.0,500.0,75.510844,33.583076,75.508689,33.587189,anantnag,anantnag,GeoSlide-JK Processed NH-44 LineString,2.3A,Verified Continuous Geometry
NH44-JK-0015,NH44-JK-PILOT,15,7000.0,7500.0,7.0,7.5,500.0,75.508689,33.587189,75.508423,33.585945,anantnag,anantnag,GeoSlide-JK Processed NH-44 LineString,2.3A,Verified Continuous Geometry
NH44-JK-0016,NH44-JK-PILOT,16,7500.0,8000.0,7.5,8.0,500.0,75.508423,33.585945,75.507793,33.585844,anantnag,anantnag,GeoSlide-JK Processed NH-44 LineString,2.3A,Verified Continuous Geometry
NH44-JK-0017,NH44-JK-PILOT,17,8000.0,8500.0,8.0,8.5,500.0,75.507793,33.585844,75.50658,33.58997,anantnag,anantnag,GeoSlide-JK Processed NH-44 LineString,2.3A,Verified Continuous Geometry
NH44-JK-0018,NH44-JK-PILOT,18,8500.0,9000.0,8.5,9.0,500.0,75.50658,33.58997,75.50629,33.587456,anantnag,anantnag,GeoSlide-JK Processed NH-44 LineString,2.3A,Verified Continuous Geometry
NH44-JK-0019,NH44-JK-PILOT,19,9000.0,9500.0,9.0,9.5,500.0,75.50629,33.587456,75.505642,33.588692,anantnag,anantnag,GeoSlide-JK Processed NH-44 LineString,2.3A,Verified Continuous Geometry
NH44-JK-0020,NH44-JK-PILOT,20,9500.0,10000.0,9.5,10.0,500.0,75.505642,33.588692,75.503442,33.591921,anantnag,anantnag,GeoSlide-JK Processed NH-44 LineString,2.3A,Verified Continuous Geometry
NH44-JK-0021,NH44-JK-PILOT,21,10000.0,10500.0,10.0,10.5,500.0,75.503442,33.591921,75.499081,33.593991,anantnag,anantnag,GeoSlide-JK Processed NH-44 LineString,2.3A,Verified Continuous Geometry
NH44-JK-0022,NH44-JK-PILOT,22,10500.0,11000.0,10.5,11.0,500.0,75.499081,33.593991,75.501972,33.596642,anantnag,anantnag,GeoSlide-JK Processed NH-44 LineString,2.3A,Verified Continuous Geometry
NH44-JK-0023,NH44-JK-PILOT,23,11000.0,11500.0,11.0,11.5,500.0,75.501972,33.596642,75.498497,33.595227,anantnag,anantnag,GeoSlide-JK Processed NH-44 LineString,2.3A,Verified Continuous Geometry
NH44-JK-0024,NH44-JK-PILOT,24,11500.0,12000.0,11.5,12.0,500.0,75.498497,33.595227,75.499702,33.592528,anantnag,anantnag,GeoSlide-JK Processed NH-44 LineString,2.3A,Verified Continuous Geometry
NH44-JK-0025,NH44-JK-PILOT,25,12000.0,12500.0,12.0,12.5,500.0,75.499702,33.592528,75.502355,33.58934,anantnag,anantnag,GeoSlide-JK Processed NH-44 LineString,2.3A,Verified Continuous Geometry
NH44-JK-0026,NH44-JK-PILOT,26,12500.0,13000.0,12.5,13.0,500.0,75.502355,33.58934,75.500049,33.591778,anantnag,anantnag,GeoSlide-JK Processed NH-44 LineString,2.3A,Verified Continuous Geometry
NH44-JK-0027,NH44-JK-PILOT,27,13000.0,13500.0,13.0,13.5,500.0,75.500049,33.591778,75.495882,33.593781,anantnag,anantnag,GeoSlide-JK Processed NH-44 LineString,2.3A,Verified Continuous Geometry
NH44-JK-0028,NH44-JK-PILOT,28,13500.0,14000.0,13.5,14.0,500.0,75.495882,33.593781,75.497676,33.596755,anantnag,anantnag,GeoSlide-JK Processed NH-44 LineString,2.3A,Verified Continuous Geometry
NH44-JK-0029,NH44-JK-PILOT,29,14000.0,14500.0,14.0,14.5,500.0,75.497676,33.596755,75.498755,33.598886,anantnag,anantnag,GeoSlide-JK Processed NH-44 LineString,2.3A,Verified Continuous Geometry
NH44-JK-0030,NH44-JK-PILOT,30,14500.0,15000.0,14.5,15.0,500.0,75.498755,33.598886,75.494322,33.600583,anantnag,anantnag,GeoSlide-JK Processed NH-44 LineString,2.3A,Verified Continuous Geometry
NH44-JK-0031,NH44-JK-PILOT,31,15000.0,15500.0,15.0,15.5,500.0,75.494322,33.600583,75.489229,33.600894,anantnag,anantnag,GeoSlide-JK Processed NH-44 LineString,2.3A,Verified Continuous Geometry
NH44-JK-0032,NH44-JK-PILOT,32,15500.0,16000.0,15.5,16.0,500.0,75.489229,33.600894,75.484081,33.600877,anantnag,anantnag,GeoSlide-JK Processed NH-44 LineString,2.3A,Verified Continuous Geometry
NH44-JK-0033,NH44-JK-PILOT,33,16000.0,16500.0,16.0,16.5,500.0,75.484081,33.600877,75.485441,33.600491,anantnag,anantnag,GeoSlide-JK Processed NH-44 LineString,2.3A,Verified Continuous Geometry
NH44-JK-0034,NH44-JK-PILOT,34,16500.0,17000.0,16.5,17.0,500.0,75.485441,33.600491,75.490595,33.599688,anantnag,anantnag,GeoSlide-JK Processed NH-44 LineString,2.3A,Verified Continuous Geometry
NH44-JK-0035,NH44-JK-PILOT,35,17000.0,17500.0,17.0,17.5,500.0,75.490595,33.599688,75.49414,33.598081,anantnag,anantnag,GeoSlide-JK Processed NH-44 LineString,2.3A,Verified Continuous Geometry
NH44-JK-0036,NH44-JK-PILOT,36,17500.0,18000.0,17.5,18.0,500.0,75.49414,33.598081,75.489371,33.59924,anantnag,anantnag,GeoSlide-JK Processed NH-44 LineString,2.3A,Verified Continuous Geometry
NH44-JK-0037,NH44-JK-PILOT,37,18000.0,18500.0,18.0,18.5,500.0,75.489371,33.59924,75.484113,33.598904,anantnag,anantnag,GeoSlide-JK Processed NH-44 LineString,2.3A,Verified Continuous Geometry
NH44-JK-0038,NH44-JK-PILOT,38,18500.0,19000.0,18.5,19.0,500.0,75.484113,33.598904,75.479826,33.596511,anantnag,anantnag,GeoSlide-JK Processed NH-44 LineString,2.3A,Verified Continuous Geometry
NH44-JK-0039,NH44-JK-PILOT,39,19000.0,19500.0,19.0,19.5,500.0,75.479826,33.596511,75.477318,33.596295,anantnag,anantnag,GeoSlide-JK Processed NH-44 LineString,2.3A,Verified Continuous Geometry
NH44-JK-0040,NH44-JK-PILOT,40,19500.0,20000.0,19.5,20.0,500.0,75.477318,33.596295,75.477894,33.600008,anantnag,anantnag,GeoSlide-JK Processed NH-44 LineString,2.3A,Verified Continuous Geometry
NH44-JK-0041,NH44-JK-PILOT,41,20000.0,20500.0,20.0,20.5,500.0,75.477894,33.600008,75.478774,33.603292,anantnag,anantnag,GeoSlide-JK Processed NH-44 LineString,2.3A,Verified Continuous Geometry
NH44-JK-0042,NH44-JK-PILOT,42,20500.0,21000.0,20.5,21.0,500.0,75.478774,33.603292,75.478588,33.602752,anantnag,anantnag,GeoSlide-JK Processed NH-44 LineString,2.3A,Verified Continuous Geometry
NH44-JK-0043,NH44-JK-PILOT,43,21000.0,21500.0,21.0,21.5,500.0,75.478588,33.602752,75.476477,33.599731,anantnag,anantnag,GeoSlide-JK Processed NH-44 LineString,2.3A,Verified Continuous Geometry
NH44-JK-0044,NH44-JK-PILOT,44,21500.0,22000.0,21.5,22.0,500.0,75.476477,33.599731,75.475329,33.596797,anantnag,anantnag,GeoSlide-JK Processed NH-44 LineString,2.3A,Verified Continuous Geometry
NH44-JK-0045,NH44-JK-PILOT,45,22000.0,22500.0,22.0,22.5,500.0,75.475329,33.596797,75.471641,33.595045,anantnag,anantnag,GeoSlide-JK Processed NH-44 LineString,2.3A,Verified Continuous Geometry
NH44-JK-0046,NH44-JK-PILOT,46,22500.0,23000.0,22.5,23.0,500.0,75.471641,33.595045,75.47425,33.5928,anantnag,anantnag,GeoSlide-JK Processed NH-44 LineString,2.3A,Verified Continuous Geometry
NH44-JK-0047,NH44-JK-PILOT,47,23000.0,23500.0,23.0,23.5,500.0,75.47425,33.5928,75.479171,33.592329,anantnag,anantnag,GeoSlide-JK Processed NH-44 LineString,2.3A,Verified Continuous Geometry
NH44-JK-0048,NH44-JK-PILOT,48,23500.0,24000.0,23.5,24.0,500.0,75.479171,33.592329,75.480579,33.592937,anantnag,anantnag,GeoSlide-JK Processed NH-44 LineString,2.3A,Verified Continuous Geometry
NH44-JK-0049,NH44-JK-PILOT,49,24000.0,24500.0,24.0,24.5,500.0,75.480579,33.592937,75.475961,33.591995,anantnag,anantnag,GeoSlide-JK Processed NH-44 LineString,2.3A,Verified Continuous Geometry
NH44-JK-0050,NH44-JK-PILOT,50,24500.0,25000.0,24.5,25.0,500.0,75.475961,33.591995,75.4708,33.592135,anantnag,anantnag,GeoSlide-JK Processed NH-44 LineString,2.3A,Verified Continuous Geometry
NH44-JK-0051,NH44-JK-PILOT,51,25000.0,25500.0,25.0,25.5,500.0,75.4708,33.592135,75.468518,33.595438,anantnag,anantnag,GeoSlide-JK Processed NH-44 LineString,2.3A,Verified Continuous Geometry
NH44-JK-0052,NH44-JK-PILOT,52,25500.0,26000.0,25.5,26.0,500.0,75.468518,33.595438,75.469171,33.592923,anantnag,anantnag,GeoSlide-JK Processed NH-44 LineString,2.3A,Verified Continuous Geometry
NH44-JK-0053,NH44-JK-PILOT,53,26000.0,26500.0,26.0,26.5,500.0,75.469171,33.592923,75.472116,33.590791,anantnag,anantnag,GeoSlide-JK Processed NH-44 LineString,2.3A,Verified Continuous Geometry
NH44-JK-0054,NH44-JK-PILOT,54,26500.0,27000.0,26.5,27.0,500.0,75.472116,33.590791,75.472933,33.59026,anantnag,anantnag,GeoSlide-JK Processed NH-44 LineString,2.3A,Verified Continuous Geometry
NH44-JK-0055,NH44-JK-PILOT,55,27000.0,27500.0,27.0,27.5,500.0,75.472933,33.59026,75.467798,33.591397,anantnag,anantnag,GeoSlide-JK Processed NH-44 LineString,2.3A,Verified Continuous Geometry
NH44-JK-0056,NH44-JK-PILOT,56,27500.0,28000.0,27.5,28.0,500.0,75.467798,33.591397,75.465851,33.594689,anantnag,anantnag,GeoSlide-JK Processed NH-44 LineString,2.3A,Verified Continuous Geometry
NH44-JK-0057,NH44-JK-PILOT,57,28000.0,28500.0,28.0,28.5,500.0,75.465851,33.594689,75.46487,33.59492,anantnag,anantnag,GeoSlide-JK Processed NH-44 LineString,2.3A,Verified Continuous Geometry
NH44-JK-0058,NH44-JK-PILOT,58,28500.0,29000.0,28.5,29.0,500.0,75.46487,33.59492,75.465526,33.591878,anantnag,anantnag,GeoSlide-JK Processed NH-44 LineString,2.3A,Verified Continuous Geometry
NH44-JK-0059,NH44-JK-PILOT,59,29000.0,29500.0,29.0,29.5,500.0,75.465526,33.591878,75.464014,33.595615,anantnag,anantnag,GeoSlide-JK Processed NH-44 LineString,2.3A,Verified Continuous Geometry
NH44-JK-0060,NH44-JK-PILOT,60,29500.0,30000.0,29.5,30.0,500.0,75.464014,33.595615,75.464408,33.597868,anantnag,anantnag,GeoSlide-JK Processed NH-44 LineString,2.3A,Verified Continuous Geometry
NH44-JK-0061,NH44-JK-PILOT,61,30000.0,30500.0,30.0,30.5,500.0,75.464408,33.597868,75.460512,33.600406,anantnag,anantnag,GeoSlide-JK Processed NH-44 LineString,2.3A,Verified Continuous Geometry
NH44-JK-0062,NH44-JK-PILOT,62,30500.0,31000.0,30.5,31.0,500.0,75.460512,33.600406,75.460022,33.60382,anantnag,anantnag,GeoSlide-JK Processed NH-44 LineString,2.3A,Verified Continuous Geometry
NH44-JK-0063,NH44-JK-PILOT,63,31000.0,31500.0,31.0,31.5,500.0,75.460022,33.60382,75.459328,33.602955,anantnag,anantnag,GeoSlide-JK Processed NH-44 LineString,2.3A,Verified Continuous Geometry
NH44-JK-0064,NH44-JK-PILOT,64,31500.0,32000.0,31.5,32.0,500.0,75.459328,33.602955,75.458902,33.60438,anantnag,anantnag,GeoSlide-JK Processed NH-44 LineString,2.3A,Verified Continuous Geometry
NH44-JK-0065,NH44-JK-PILOT,65,32000.0,32500.0,32.0,32.5,500.0,75.458902,33.60438,75.456716,33.60769,anantnag,anantnag,GeoSlide-JK Processed NH-44 LineString,2.3A,Verified Continuous Geometry
NH44-JK-0066,NH44-JK-PILOT,66,32500.0,33000.0,32.5,33.0,500.0,75.456716,33.60769,75.452547,33.608415,anantnag,anantnag,GeoSlide-JK Processed NH-44 LineString,2.3A,Verified Continuous Geometry
NH44-JK-0067,NH44-JK-PILOT,67,33000.0,33500.0,33.0,33.5,500.0,75.452547,33.608415,75.448319,33.609085,anantnag,anantnag,GeoSlide-JK Processed NH-44 LineString,2.3A,Verified Continuous Geometry
NH44-JK-0068,NH44-JK-PILOT,68,33500.0,34000.0,33.5,34.0,500.0,75.448319,33.609085,75.449165,33.607774,anantnag,anantnag,GeoSlide-JK Processed NH-44 LineString,2.3A,Verified Continuous Geometry
NH44-JK-0069,NH44-JK-PILOT,69,34000.0,34500.0,34.0,34.5,500.0,75.449165,33.607774,75.444514,33.609823,anantnag,anantnag,GeoSlide-JK Processed NH-44 LineString,2.3A,Verified Continuous Geometry
NH44-JK-0070,NH44-JK-PILOT,70,34500.0,35000.0,34.5,35.0,500.0,75.444514,33.609823,75.43994,33.611968,anantnag,anantnag,GeoSlide-JK Processed NH-44 LineString,2.3A,Verified Continuous Geometry
NH44-JK-0071,NH44-JK-PILOT,71,35000.0,35500.0,35.0,35.5,500.0,75.43994,33.611968,75.443905,33.609401,anantnag,anantnag,GeoSlide-JK Processed NH-44 LineString,2.3A,Verified Continuous Geometry
NH44-JK-0072,NH44-JK-PILOT,72,35500.0,36000.0,35.5,36.0,500.0,75.443905,33.609401,75.439353,33.611323,anantnag,anantnag,GeoSlide-JK Processed NH-44 LineString,2.3A,Verified Continuous Geometry
NH44-JK-0073,NH44-JK-PILOT,73,36000.0,36500.0,36.0,36.5,500.0,75.439353,33.611323,75.436327,33.611957,anantnag,anantnag,GeoSlide-JK Processed NH-44 LineString,2.3A,Verified Continuous Geometry
NH44-JK-0074,NH44-JK-PILOT,74,36500.0,37000.0,36.5,37.0,500.0,75.436327,33.611957,75.433424,33.611471,anantnag,anantnag,GeoSlide-JK Processed NH-44 LineString,2.3A,Verified Continuous Geometry
NH44-JK-0075,NH44-JK-PILOT,75,37000.0,37500.0,37.0,37.5,500.0,75.433424,33.611471,75.428694,33.609792,anantnag,anantnag,GeoSlide-JK Processed NH-44 LineString,2.3A,Verified Continuous Geometry
NH44-JK-0076,NH44-JK-PILOT,76,37500.0,38000.0,37.5,38.0,500.0,75.428694,33.609792,75.423504,33.608912,anantnag,anantnag,GeoSlide-JK Processed NH-44 LineString,2.3A,Verified Continuous Geometry
NH44-JK-0077,NH44-JK-PILOT,77,38000.0,38500.0,38.0,38.5,500.0,75.423504,33.608912,75.418199,33.609138,anantnag,anantnag,GeoSlide-JK Processed NH-44 LineString,2.3A,Verified Continuous Geometry
NH44-JK-0078,NH44-JK-PILOT,78,38500.0,39000.0,38.5,39.0,500.0,75.418199,33.609138,75.412908,33.608808,anantnag,anantnag,GeoSlide-JK Processed NH-44 LineString,2.3A,Verified Continuous Geometry
NH44-JK-0079,NH44-JK-PILOT,79,39000.0,39500.0,39.0,39.5,500.0,75.412908,33.608808,75.407615,33.608137,anantnag,anantnag,GeoSlide-JK Processed NH-44 LineString,2.3A,Verified Continuous Geometry
NH44-JK-0080,NH44-JK-PILOT,80,39500.0,40000.0,39.5,40.0,500.0,75.407615,33.608137,75.402504,33.607211,anantnag,anantnag,GeoSlide-JK Processed NH-44 LineString,2.3A,Verified Continuous Geometry
NH44-JK-0081,NH44-JK-PILOT,81,40000.0,40500.0,40.0,40.5,500.0,75.402504,33.607211,75.398118,33.604623,anantnag,anantnag,GeoSlide-JK Processed NH-44 LineString,2.3A,Verified Continuous Geometry
NH44-JK-0082,NH44-JK-PILOT,82,40500.0,41000.0,40.5,41.0,500.0,75.398118,33.604623,75.393645,33.602147,anantnag,anantnag,GeoSlide-JK Processed NH-44 LineString,2.3A,Verified Continuous Geometry
NH44-JK-0083,NH44-JK-PILOT,83,41000.0,41500.0,41.0,41.5,500.0,75.393645,33.602147,75.38937,33.599431,anantnag,anantnag,GeoSlide-JK Processed NH-44 LineString,2.3A,Verified Continuous Geometry
NH44-JK-0084,NH44-JK-PILOT,84,41500.0,42000.0,41.5,42.0,500.0,75.38937,33.599431,75.386494,33.595908,anantnag,anantnag,GeoSlide-JK Processed NH-44 LineString,2.3A,Verified Continuous Geometry
NH44-JK-0085,NH44-JK-PILOT,85,42000.0,42500.0,42.0,42.5,500.0,75.386494,33.595908,75.383177,33.592478,anantnag,anantnag,GeoSlide-JK Processed NH-44 LineString,2.3A,Verified Continuous Geometry
NH44-JK-0086,NH44-JK-PILOT,86,42500.0,43000.0,42.5,43.0,500.0,75.383177,33.592478,75.379453,33.589225,anantnag,anantnag,GeoSlide-JK Processed NH-44 LineString,2.3A,Verified Continuous Geometry
NH44-JK-0087,NH44-JK-PILOT,87,43000.0,43500.0,43.0,43.5,500.0,75.379453,33.589225,75.377485,33.585138,anantnag,anantnag,GeoSlide-JK Processed NH-44 LineString,2.3A,Verified Continuous Geometry
NH44-JK-0088,NH44-JK-PILOT,88,43500.0,44000.0,43.5,44.0,500.0,75.377485,33.585138,75.374809,33.581299,anantnag,anantnag,GeoSlide-JK Processed NH-44 LineString,2.3A,Verified Continuous Geometry
NH44-JK-0089,NH44-JK-PILOT,89,44000.0,44500.0,44.0,44.5,500.0,75.374809,33.581299,75.372676,33.577187,anantnag,anantnag,GeoSlide-JK Processed NH-44 LineString,2.3A,Verified Continuous Geometry
NH44-JK-0090,NH44-JK-PILOT,90,44500.0,45000.0,44.5,45.0,500.0,75.372676,33.577187,75.370968,33.572923,anantnag,anantnag,GeoSlide-JK Processed NH-44 LineString,2.3A,Verified Continuous Geometry
NH44-JK-0091,NH44-JK-PILOT,91,45000.0,45500.0,45.0,45.5,500.0,75.370968,33.572923,75.369541,33.568833,anantnag,anantnag,GeoSlide-JK Processed NH-44 LineString,2.3A,Verified Continuous Geometry
NH44-JK-0092,NH44-JK-PILOT,92,45500.0,46000.0,45.5,46.0,500.0,75.369541,33.568833,75.365255,33.56619,anantnag,anantnag,GeoSlide-JK Processed NH-44 LineString,2.3A,Verified Continuous Geometry
NH44-JK-0093,NH44-JK-PILOT,93,46000.0,46500.0,46.0,46.5,500.0,75.365255,33.56619,75.360166,33.564725,anantnag,anantnag,GeoSlide-JK Processed NH-44 LineString,2.3A,Verified Continuous Geometry
NH44-JK-0094,NH44-JK-PILOT,94,46500.0,47000.0,46.5,47.0,500.0,75.360166,33.564725,75.356813,33.567071,anantnag,anantnag,GeoSlide-JK Processed NH-44 LineString,2.3A,Verified Continuous Geometry
NH44-JK-0095,NH44-JK-PILOT,95,47000.0,47500.0,47.0,47.5,500.0,75.356813,33.567071,75.352232,33.569288,anantnag,anantnag,GeoSlide-JK Processed NH-44 LineString,2.3A,Verified Continuous Geometry
NH44-JK-0096,NH44-JK-PILOT,96,47500.0,48000.0,47.5,48.0,500.0,75.352232,33.569288,75.347469,33.57131,anantnag,anantnag,GeoSlide-JK Processed NH-44 LineString,2.3A,Verified Continuous Geometry
NH44-JK-0097,NH44-JK-PILOT,97,48000.0,48500.0,48.0,48.5,500.0,75.347469,33.57131,75.342462,33.572715,anantnag,anantnag,GeoSlide-JK Processed NH-44 LineString,2.3A,Verified Continuous Geometry
NH44-JK-0098,NH44-JK-PILOT,98,48500.0,49000.0,48.5,49.0,500.0,75.342462,33.572715,75.337165,33.572255,anantnag,anantnag,GeoSlide-JK Processed NH-44 LineString,2.3A,Verified Continuous Geometry
NH44-JK-0099,NH44-JK-PILOT,99,49000.0,49500.0,49.0,49.5,500.0,75.337165,33.572255,75.332046,33.57138,anantnag,anantnag,GeoSlide-JK Processed NH-44 LineString,2.3A,Verified Continuous Geometry
NH44-JK-0100,NH44-JK-PILOT,100,49500.0,50000.0,49.5,50.0,500.0,75.332046,33.57138,75.326868,33.572589,anantnag,anantnag,GeoSlide-JK Processed NH-44 LineString,2.3A,Verified Continuous Geometry
NH44-JK-0101,NH44-JK-PILOT,101,50000.0,50500.0,50.0,50.5,500.0,75.326868,33.572589,75.322223,33.574641,anantnag,anantnag,GeoSlide-JK Processed NH-44 LineString,2.3A,Verified Continuous Geometry
NH44-JK-0102,NH44-JK-PILOT,102,50500.0,51000.0,50.5,51.0,500.0,75.322223,33.574641,75.318282,33.57769,anantnag,anantnag,GeoSlide-JK Processed NH-44 LineString,2.3A,Verified Continuous Geometry
NH44-JK-0103,NH44-JK-PILOT,103,51000.0,51500.0,51.0,51.5,500.0,75.318282,33.57769,75.313535,33.579501,anantnag,anantnag,GeoSlide-JK Processed NH-44 LineString,2.3A,Verified Continuous Geometry
NH44-JK-0104,NH44-JK-PILOT,104,51500.0,52000.0,51.5,52.0,500.0,75.313535,33.579501,75.308437,33.580761,anantnag,anantnag,GeoSlide-JK Processed NH-44 LineString,2.3A,Verified Continuous Geometry
NH44-JK-0105,NH44-JK-PILOT,105,52000.0,52500.0,52.0,52.5,500.0,75.308437,33.580761,75.305332,33.584283,anantnag,anantnag,GeoSlide-JK Processed NH-44 LineString,2.3A,Verified Continuous Geometry
NH44-JK-0106,NH44-JK-PILOT,106,52500.0,53000.0,52.5,53.0,500.0,75.305332,33.584283,75.301009,33.586885,anantnag,anantnag,GeoSlide-JK Processed NH-44 LineString,2.3A,Verified Continuous Geometry
NH44-JK-0107,NH44-JK-PILOT,107,53000.0,53500.0,53.0,53.5,500.0,75.301009,33.586885,75.296437,33.588978,anantnag,anantnag,GeoSlide-JK Processed NH-44 LineString,2.3A,Verified Continuous Geometry
NH44-JK-0108,NH44-JK-PILOT,108,53500.0,54000.0,53.5,54.0,500.0,75.296437,33.588978,75.292537,33.592002,anantnag,anantnag,GeoSlide-JK Processed NH-44 LineString,2.3A,Verified Continuous Geometry
NH44-JK-0109,NH44-JK-PILOT,109,54000.0,54500.0,54.0,54.5,500.0,75.292537,33.592002,75.287995,33.594234,anantnag,anantnag,GeoSlide-JK Processed NH-44 LineString,2.3A,Verified Continuous Geometry
NH44-JK-0110,NH44-JK-PILOT,110,54500.0,55000.0,54.5,55.0,500.0,75.287995,33.594234,75.283972,33.597192,anantnag,anantnag,GeoSlide-JK Processed NH-44 LineString,2.3A,Verified Continuous Geometry
NH44-JK-0111,NH44-JK-PILOT,111,55000.0,55500.0,55.0,55.5,500.0,75.283972,33.597192,75.279906,33.600045,anantnag,anantnag,GeoSlide-JK Processed NH-44 LineString,2.3A,Verified Continuous Geometry
NH44-JK-0112,NH44-JK-PILOT,112,55500.0,56000.0,55.5,56.0,500.0,75.279906,33.600045,75.274958,33.601735,anantnag,anantnag,GeoSlide-JK Processed NH-44 LineString,2.3A,Verified Continuous Geometry
NH44-JK-0113,NH44-JK-PILOT,113,56000.0,56500.0,56.0,56.5,500.0,75.274958,33.601735,75.270669,33.604206,anantnag,anantnag,GeoSlide-JK Processed NH-44 LineString,2.3A,Verified Continuous Geometry
NH44-JK-0114,NH44-JK-PILOT,114,56500.0,57000.0,56.5,57.0,500.0,75.270669,33.604206,75.266468,33.607023,anantnag,anantnag,GeoSlide-JK Processed NH-44 LineString,2.3A,Verified Continuous Geometry
NH44-JK-0115,NH44-JK-PILOT,115,57000.0,57500.0,57.0,57.5,500.0,75.266468,33.607023,75.262905,33.610304,anantnag,anantnag,GeoSlide-JK Processed NH-44 LineString,2.3A,Verified Continuous Geometry
NH44-JK-0116,NH44-JK-PILOT,116,57500.0,58000.0,57.5,58.0,500.0,75.262905,33.610304,75.258162,33.611361,anantnag,anantnag,GeoSlide-JK Processed NH-44 LineString,2.3A,Verified Continuous Geometry
NH44-JK-0117,NH44-JK-PILOT,117,58000.0,58500.0,58.0,58.5,500.0,75.258162,33.611361,75.252986,33.611549,anantnag,anantnag,GeoSlide-JK Processed NH-44 LineString,2.3A,Verified Continuous Geometry
NH44-JK-0118,NH44-JK-PILOT,118,58500.0,59000.0,58.5,59.0,500.0,75.252986,33.611549,75.248038,33.613183,anantnag,anantnag,GeoSlide-JK Processed NH-44 LineString,2.3A,Verified Continuous Geometry
NH44-JK-0119,NH44-JK-PILOT,119,59000.0,59500.0,59.0,59.5,500.0,75.248038,33.613183,75.243299,33.614741,anantnag,anantnag,GeoSlide-JK Processed NH-44 LineString,2.3A,Verified Continuous Geometry
NH44-JK-0120,NH44-JK-PILOT,120,59500.0,60000.0,59.5,60.0,500.0,75.243299,33.614741,75.23833,33.613321,anantnag,anantnag,GeoSlide-JK Processed NH-44 LineString,2.3A,Verified Continuous Geometry
NH44-JK-0121,NH44-JK-PILOT,121,60000.0,60500.0,60.0,60.5,500.0,75.23833,33.613321,75.23402,33.615891,anantnag,anantnag,GeoSlide-JK Processed NH-44 LineString,2.3A,Verified Continuous Geometry
NH44-JK-0122,NH44-JK-PILOT,122,60500.0,61000.0,60.5,61.0,500.0,75.23402,33.615891,75.230632,33.619236,anantnag,anantnag,GeoSlide-JK Processed NH-44 LineString,2.3A,Verified Continuous Geometry
NH44-JK-0123,NH44-JK-PILOT,123,61000.0,61500.0,61.0,61.5,500.0,75.230632,33.619236,75.232228,33.622874,anantnag,anantnag,GeoSlide-JK Processed NH-44 LineString,2.3A,Verified Continuous Geometry
NH44-JK-0124,NH44-JK-PILOT,124,61500.0,62000.0,61.5,62.0,500.0,75.232228,33.622874,75.233344,33.627167,anantnag,anantnag,GeoSlide-JK Processed NH-44 LineString,2.3A,Verified Continuous Geometry
NH44-JK-0125,NH44-JK-PILOT,125,62000.0,62500.0,62.0,62.5,500.0,75.233344,33.627167,75.233826,33.631656,anantnag,anantnag,GeoSlide-JK Processed NH-44 LineString,2.3A,Verified Continuous Geometry
NH44-JK-0126,NH44-JK-PILOT,126,62500.0,63000.0,62.5,63.0,500.0,75.233826,33.631656,75.235759,33.635813,anantnag,anantnag,GeoSlide-JK Processed NH-44 LineString,2.3A,Verified Continuous Geometry
NH44-JK-0127,NH44-JK-PILOT,127,63000.0,63500.0,63.0,63.5,500.0,75.235759,33.635813,75.23689,33.640196,anantnag,anantnag,GeoSlide-JK Processed NH-44 LineString,2.3A,Verified Continuous Geometry
NH44-JK-0128,NH44-JK-PILOT,128,63500.0,64000.0,63.5,64.0,500.0,75.23689,33.640196,75.237241,33.644675,anantnag,anantnag,GeoSlide-JK Processed NH-44 LineString,2.3A,Verified Continuous Geometry
NH44-JK-0129,NH44-JK-PILOT,129,64000.0,64500.0,64.0,64.5,500.0,75.237241,33.644675,75.23596,33.649045,anantnag,anantnag,GeoSlide-JK Processed NH-44 LineString,2.3A,Verified Continuous Geometry
NH44-JK-0130,NH44-JK-PILOT,130,64500.0,65000.0,64.5,65.0,500.0,75.23596,33.649045,75.235037,33.653456,anantnag,anantnag,GeoSlide-JK Processed NH-44 LineString,2.3A,Verified Continuous Geometry
NH44-JK-0131,NH44-JK-PILOT,131,65000.0,65500.0,65.0,65.5,500.0,75.235037,33.653456,75.232959,33.657592,anantnag,anantnag,GeoSlide-JK Processed NH-44 LineString,2.3A,Verified Continuous Geometry
NH44-JK-0132,NH44-JK-PILOT,132,65500.0,66000.0,65.5,66.0,500.0,75.232959,33.657592,75.231365,33.66186,anantnag,anantnag,GeoSlide-JK Processed NH-44 LineString,2.3A,Verified Continuous Geometry
NH44-JK-0133,NH44-JK-PILOT,133,66000.0,66500.0,66.0,66.5,500.0,75.231365,33.66186,75.22826,33.665526,anantnag,anantnag,GeoSlide-JK Processed NH-44 LineString,2.3A,Verified Continuous Geometry
NH44-JK-0134,NH44-JK-PILOT,134,66500.0,67000.0,66.5,67.0,500.0,75.22826,33.665526,75.225394,33.669195,anantnag,anantnag,GeoSlide-JK Processed NH-44 LineString,2.3A,Verified Continuous Geometry
NH44-JK-0135,NH44-JK-PILOT,135,67000.0,67500.0,67.0,67.5,500.0,75.225394,33.669195,75.221764,33.672488,anantnag,anantnag,GeoSlide-JK Processed NH-44 LineString,2.3A,Verified Continuous Geometry
NH44-JK-0136,NH44-JK-PILOT,136,67500.0,68000.0,67.5,68.0,500.0,75.221764,33.672488,75.220672,33.676051,anantnag,anantnag,GeoSlide-JK Processed NH-44 LineString,2.3A,Verified Continuous Geometry
NH44-JK-0137,NH44-JK-PILOT,137,68000.0,68500.0,68.0,68.5,500.0,75.220672,33.676051,75.219922,33.680302,anantnag,anantnag,GeoSlide-JK Processed NH-44 LineString,2.3A,Verified Continuous Geometry
NH44-JK-0138,NH44-JK-PILOT,138,68500.0,69000.0,68.5,69.0,500.0,75.219922,33.680302,75.218487,33.684394,anantnag,anantnag,GeoSlide-JK Processed NH-44 LineString,2.3A,Verified Continuous Geometry
NH44-JK-0139,NH44-JK-PILOT,139,69000.0,69500.0,69.0,69.5,500.0,75.218487,33.684394,75.215319,33.687937,anantnag,anantnag,GeoSlide-JK Processed NH-44 LineString,2.3A,Verified Continuous Geometry
NH44-JK-0140,NH44-JK-PILOT,140,69500.0,70000.0,69.5,70.0,500.0,75.215319,33.687937,75.212761,33.691887,anantnag,anantnag,GeoSlide-JK Processed NH-44 LineString,2.3A,Verified Continuous Geometry
NH44-JK-0141,NH44-JK-PILOT,141,70000.0,70500.0,70.0,70.5,500.0,75.212761,33.691887,75.20971,33.695578,anantnag,anantnag,GeoSlide-JK Processed NH-44 LineString,2.3A,Verified Continuous Geometry
NH44-JK-0142,NH44-JK-PILOT,142,70500.0,71000.0,70.5,71.0,500.0,75.20971,33.695578,75.20771,33.699542,anantnag,anantnag,GeoSlide-JK Processed NH-44 LineString,2.3A,Verified Continuous Geometry
NH44-JK-0143,NH44-JK-PILOT,143,71000.0,71500.0,71.0,71.5,500.0,75.20771,33.699542,75.204646,33.703111,anantnag,anantnag,GeoSlide-JK Processed NH-44 LineString,2.3A,Verified Continuous Geometry
NH44-JK-0144,NH44-JK-PILOT,144,71500.0,72000.0,71.5,72.0,500.0,75.204646,33.703111,75.200952,33.705715,anantnag,anantnag,GeoSlide-JK Processed NH-44 LineString,2.3A,Verified Continuous Geometry
NH44-JK-0145,NH44-JK-PILOT,145,72000.0,72500.0,72.0,72.5,500.0,75.200952,33.705715,75.196081,33.706764,anantnag,anantnag,GeoSlide-JK Processed NH-44 LineString,2.3A,Verified Continuous Geometry
NH44-JK-0146,NH44-JK-PILOT,146,72500.0,73000.0,72.5,73.0,500.0,75.196081,33.706764,75.19145,33.708953,anantnag,anantnag,GeoSlide-JK Processed NH-44 LineString,2.3A,Verified Continuous Geometry
NH44-JK-0147,NH44-JK-PILOT,147,73000.0,73500.0,73.0,73.5,500.0,75.19145,33.708953,75.187031,33.711113,anantnag,anantnag,GeoSlide-JK Processed NH-44 LineString,2.3A,Verified Continuous Geometry
NH44-JK-0148,NH44-JK-PILOT,148,73500.0,74000.0,73.5,74.0,500.0,75.187031,33.711113,75.182257,33.713005,anantnag,anantnag,GeoSlide-JK Processed NH-44 LineString,2.3A,Verified Continuous Geometry
NH44-JK-0149,NH44-JK-PILOT,149,74000.0,74500.0,74.0,74.5,500.0,75.182257,33.713005,75.177981,33.715613,anantnag,anantnag,GeoSlide-JK Processed NH-44 LineString,2.3A,Verified Continuous Geometry
NH44-JK-0150,NH44-JK-PILOT,150,74500.0,74875.83,74.5,74.876,375.83,75.177981,33.715613,75.174382,33.717074,anantnag,anantnag,GeoSlide-JK Processed NH-44 LineString,2.3A,Verified Continuous Geometry
