feature_name,path,min_val,max_val,mean_val,median_val,std_val,p1,p5,p25,p75,p95,p99,valid_cell_count,missing_cell_count,valid_pct,infinite_count,nan_count,unique_values_count
landcover_fraction_tree_cover,data\processed\features\landcover\landcover_fraction_tree_cover_100m.tif,0.0,1.0,0.427979975938797,0.312870055437088,0.4187528192996979,0.0,0.0,0.0,0.916126012802124,1.0,1.0,4619211,0,100.0,0,0,2221430
landcover_fraction_shrubland,data\processed\features\landcover\landcover_fraction_shrubland_100m.tif,0.0,1.0,0.006239638663828373,0.0,0.04584062471985817,0.0,0.0,0.0,0.0,0.0,0.21364261060953274,4619211,0,100.0,0,0,222712
landcover_fraction_grassland,data\processed\features\landcover\landcover_fraction_grassland_100m.tif,0.0,1.0,0.2860211730003357,0.06940556317567825,0.3620844781398773,0.0,0.0,0.0,0.5561216473579407,1.0,1.0,4619211,0,100.0,0,0,2469955
landcover_fraction_cropland,data\processed\features\landcover\landcover_fraction_cropland_100m.tif,0.0,1.0,0.09176997095346451,0.0,0.24596086144447327,0.0,0.0,0.0,0.0,0.8412257134914398,1.0,4619211,0,100.0,0,0,840318
landcover_fraction_builtup,data\processed\features\landcover\landcover_fraction_builtup_100m.tif,0.0,1.0,0.016611231490969658,0.0,0.09315754473209381,0.0,0.0,0.0,0.0,0.05077981576323509,0.5624127388000502,4619211,0,100.0,0,0,406258
landcover_fraction_bare_sparse,data\processed\features\landcover\landcover_fraction_bare_sparse_100m.tif,0.0,1.0,0.07533394545316696,0.0,0.21703962981700897,0.0,0.0,0.0,0.0,0.6858081519603729,1.0,4619211,0,100.0,0,0,881099
landcover_fraction_snow_ice,data\processed\features\landcover\landcover_fraction_snow_ice_100m.tif,0.0,1.0,0.040038835257291794,0.0,0.18171055614948273,0.0,0.0,0.0,0.0,0.15943527966737747,1.0,4619211,0,100.0,0,0,216043
landcover_fraction_water,data\processed\features\landcover\landcover_fraction_water_100m.tif,0.0,1.0,0.006003879010677338,0.0,0.0632590800523758,0.0,0.0,0.0,0.0,0.0,0.14637167900801637,4619211,0,100.0,0,0,89161
landcover_fraction_wetland,data\processed\features\landcover\landcover_fraction_wetland_100m.tif,0.0,0.43665385246276855,1.0020884246841888e-06,0.0,0.0004044100933242589,0.0,0.0,0.0,0.0,0.0,0.0,4619211,0,100.0,0,0,104
landcover_fraction_moss_lichen,data\processed\features\landcover\landcover_fraction_moss_lichen_100m.tif,0.0,1.0,0.05000029131770134,0.0,0.172773540019989,0.0,0.0,0.0,0.0,0.4497847706079483,0.9274697721004491,4619211,0,100.0,0,0,620116
landcover_worldcover_dominant_class,data\processed\features\landcover\landcover_worldcover_dominant_class_100m.tif,10.0,100.0,29.714388452919774,30.0,23.904595958711454,10.0,10.0,10.0,40.0,80.0,100.0,4619211,0,100.0,0,0,10
landcover_vegetation_fraction,data\processed\features\landcover\landcover_vegetation_fraction_100m.tif,0.0,1.0,0.8120105266571045,1.0,0.3533615171909332,0.0,0.0,0.8765555322170258,1.0,1.0,1.0,4619211,0,100.0,0,0,1047169
landcover_shannon_diversity,data\processed\features\landcover\landcover_shannon_diversity_100m.tif,0.0,1.8820246458053589,0.3684389591217041,0.32931968569755554,0.34489116072654724,0.0,0.0,0.0,0.6533522605895996,0.9898538887500763,1.2101362824440003,4619211,0,100.0,0,0,2934111
landcover_dominant_class_confidence,data\processed\features\landcover\landcover_dominant_class_confidence_100m.tif,0.20881134271621704,1.0,0.8349012136459351,0.9033210277557373,0.17811886966228485,0.4071620523929596,0.5080972611904144,0.6925451755523682,1.0,1.0,1.0,4619211,0,100.0,0,0,2690754
lithology_class,data\processed\features\geology\lithology_class_100m.tif,1.0,130.0,57.498577401561114,53.0,43.274174475104175,1.0,1.0,23.0,103.0,121.0,127.0,4284765,334446,92.76,0,0,129
distance_to_fault_m,data\processed\features\geology\distance_to_fault_m_100m.tif,0.0,162326.40625,50308.5859375,37674.66015625,38287.1640625,1300.0,5640.03564453125,20646.064453125,76640.0,126266.5859375,147188.16562500002,4619211,0,100.0,0,0,461385
log1p_distance_to_fault,data\processed\features\geology\log1p_distance_to_fault_100m.tif,0.0,11.997370719909668,10.448872566223145,10.53676986694336,1.0228683948516846,7.170888423919678,8.637823104858398,9.935328483581543,11.24688720703125,11.746158599853516,11.899474048614502,4619211,0,100.0,0,0,424768
fault_density,data\processed\features\geology\fault_density_100m.tif,0.0,0.5120000243186951,0.003409316297620535,0.0,0.03451910242438316,0.0,0.0,0.0,0.0,1.1102230411687688e-17,0.09600000083446503,4619211,0,100.0,0,0,66
distance_to_active_fault_m,data\processed\features\geology\distance_to_active_fault_m_100m.tif,0.0,201107.1875,83748.1875,82163.7421875,49264.03515625,3041.38134765625,12369.31640625,41154.5859375,120552.2734375,171310.046875,187999.05468750003,4619211,0,100.0,0,0,651373
log1p_distance_to_active_fault,data\processed\features\geology\log1p_distance_to_active_fault_100m.tif,0.0,12.21159839630127,11.067018508911133,11.316481590270996,0.8894935846328735,8.02039623260498,9.423054695129395,10.625115394592285,11.699847221374512,12.051236152648926,12.144197463989258,4619211,0,100.0,0,0,571260
active_fault_density,data\processed\features\geology\active_fault_density_100m.tif,0.0,0.5120000243186951,0.0013137725181877613,0.0,0.02120019868016243,0.0,0.0,0.0,0.0,0.0,1.1102230411687688e-17,4619211,0,100.0,0,0,45
distance_to_thrust_m,data\processed\features\geology\distance_to_thrust_m_100m.tif,0.0,74003.375,21174.955078125,17424.408203125,16512.453125,223.60679626464844,1118.033935546875,7513.3212890625,31626.88671875,54566.83984375,65486.640625,4619211,0,100.0,0,0,111588
log1p_distance_to_thrust,data\processed\features\geology\log1p_distance_to_thrust_100m.tif,0.0,11.21187973022461,9.473119735717773,9.765685081481934,1.2684476375579834,5.414351463317871,7.02022123336792,8.924566268920898,10.361794471740723,10.90719985961914,11.089616775512695,4619211,0,100.0,0,0,111586
thrust_density,data\processed\features\geology\thrust_density_100m.tif,0.0,0.8159999847412109,0.019317621365189552,0.0,0.07929018884897232,0.0,0.0,0.0,0.0,0.17599999904632568,0.4000000059604645,4619211,0,100.0,0,0,109
distance_to_lineament_m,data\processed\features\geology\distance_to_lineament_m_100m.tif,0.0,31170.8203125,2947.892822265625,2109.502197265625,2988.8642578125,0.0,200.0,984.8858032226562,3911.521484375,8514.693359375,14778.701171875,4619211,0,100.0,0,0,17107
log1p_distance_to_lineament,data\processed\features\geology\log1p_distance_to_lineament_100m.tif,0.0,10.347270011901855,7.440422058105469,7.654681205749512,1.3358205556869507,0.0,5.303304672241211,6.893540382385254,8.271937370300293,9.049666404724121,9.6010103225708,4619211,0,100.0,0,0,17107
lineament_density,data\processed\features\geology\lineament_density_100m.tif,0.0,1.7760000228881836,0.11465748399496078,3.885780520013599e-17,0.19310148060321808,0.0,0.0,0.0,0.19200000166893005,0.47999998927116394,0.800000011920929,4619211,0,100.0,0,0,358
distance_to_major_road_m,data\processed\features\infrastructure\distance_to_major_road_m_100m.tif,0.0,52596.0078125,5911.19873046875,3841.87451171875,6708.87841796875,0.0,141.42135620117188,1414.213623046875,8032.43408203125,19112.822265625,33140.0078125,4619211,0,100.0,0,0,49037
log1p_distance_to_major_road,data\processed\features\infrastructure\log1p_distance_to_major_road_100m.tif,0.0,10.870414733886719,7.856653213500977,8.253975868225098,1.8703827857971191,0.0,4.958789825439453,7.255035877227783,8.99136734008789,9.858166694641113,10.408526420593262,4619211,0,100.0,0,0,49037
major_road_density_km_per_km2,data\processed\features\infrastructure\major_road_density_km_per_km2_100m.tif,0.0,10.0,0.30992764234542847,0.0,1.4409234523773193,0.0,0.0,0.0,4.440892098500626e-16,2.0,10.0,4619211,0,100.0,0,0,84
distance_to_nh44_m,data\processed\features\infrastructure\distance_to_nh44_m_100m.tif,0.0,179631.875,61473.31640625,57940.0546875,34506.33984375,2973.2138671875,10670.5205078125,35483.09375,84607.4453125,123028.51171875,154557.984375,4619211,0,100.0,0,0,469666
log1p_distance_to_nh44,data\processed\features\infrastructure\log1p_distance_to_nh44_100m.tif,0.0,12.09867000579834,10.799381256103516,10.967181205749512,0.8077678680419922,7.997735023498535,9.275333404541016,10.476840019226074,11.345788955688477,11.720179557800293,11.948330879211426,4619211,0,100.0,0,0,436314
distance_to_settlement_m,data\processed\features\exposure\distance_to_settlement_m_100m.tif,0.0,34916.18359375,3798.051513671875,2785.677734375,3727.9912109375,141.42135620117188,360.55511474609375,1208.3045654296875,5142.95654296875,10434.5576171875,18970.767578125,4619211,0,100.0,0,0,23101
settlement_density,data\processed\features\exposure\settlement_density_100m.tif,0.0,13.0,0.10945873707532883,0.0,0.3798794746398926,0.0,0.0,0.0,0.0,1.0,2.0,4619211,0,100.0,0,0,15
distance_to_hospital_m,data\processed\features\exposure\distance_to_hospital_m_100m.tif,0.0,57354.51171875,11335.076171875,9154.7802734375,8980.396484375,565.6854248046875,1552.41748046875,4801.04150390625,14948.244140625,31024.66796875,40800.46406250009,4619211,0,100.0,0,0,57846
healthcare_facility_density,data\processed\features\exposure\healthcare_facility_density_100m.tif,0.0,22.0,0.01898592710494995,0.0,0.2771786153316498,0.0,0.0,0.0,0.0,0.0,1.0,4619211,0,100.0,0,0,26
hazard_feature_availability_count,data\processed\features\masks\hazard_feature_availability_count_100m.tif,22.0,30.0,29.92642985999124,30.0,0.2761886561758852,29.0,29.0,30.0,30.0,30.0,30.0,4619211,0,100.0,0,0,4
hazard_feature_complete_mask,data\processed\features\masks\hazard_feature_complete_mask_100m.tif,0.0,1.0,0.9275101310591787,1.0,0.2592972962484628,0.0,0.0,1.0,1.0,1.0,1.0,4619211,0,100.0,0,0,2
exposure_feature_availability_count,data\processed\features\masks\exposure_feature_availability_count_100m.tif,6.0,6.0,6.0,6.0,0.0,6.0,6.0,6.0,6.0,6.0,6.0,4619211,0,100.0,0,0,1
exposure_feature_complete_mask,data\processed\features\masks\exposure_feature_complete_mask_100m.tif,1.0,1.0,1.0,1.0,0.0,1.0,1.0,1.0,1.0,1.0,1.0,4619211,0,100.0,0,0,1
