segment_id,dominant_lithology,fault_distance_nearest_m,fault_distance_active_m,fault_intersection_count,fault_density_100m,epsg_32643_verified,status
NH44_SEG_001,Quartzite / Schist / Slate,14349.76,16849.76,0,0.0,True,PASS
NH44_SEG_002,Quartzite / Schist / Slate,14780.31,17280.31,0,0.0,True,PASS
NH44_SEG_003,Quartzite / Schist / Slate,15119.85,17619.85,0,0.0,True,PASS
NH44_SEG_004,Quartzite / Schist / Slate,15434.67,17934.67,0,0.0,True,PASS
NH44_SEG_005,Quartzite / Schist / Slate,15876.79,18376.79,0,0.0,True,PASS
NH44_SEG_006,Quartzite / Schist / Slate,16310.03,18810.03,0,0.0,True,PASS
NH44_SEG_007,Quartzite / Schist / Slate,16744.65,19244.65,0,0.0,True,PASS
NH44_SEG_008,Quartzite / Schist / Slate,17263.68,19763.68,0,0.0,True,PASS
NH44_SEG_009,Quartzite / Schist / Slate,17475.01,19975.01,0,0.0,True,PASS
NH44_SEG_010,Quartzite / Schist / Slate,17995.81,20495.81,0,0.0,True,PASS
NH44_SEG_011,Quartzite / Schist / Slate,18357.59,20857.59,0,0.0,True,PASS
NH44_SEG_012,Quartzite / Schist / Slate,18846.53,21346.53,0,0.0,True,PASS
NH44_SEG_013,Quartzite / Schist / Slate,19345.34,21845.34,0,0.0,True,PASS
NH44_SEG_014,Quartzite / Schist / Slate,19608.44,22108.44,0,0.0,True,PASS
NH44_SEG_015,Quartzite / Schist / Slate,19971.15,22471.15,0,0.0,True,PASS
NH44_SEG_016,Quartzite / Schist / Slate,20300.87,22800.87,0,0.0,True,PASS
NH44_SEG_017,Quartzite / Schist / Slate,20672.74,23172.74,0,0.0,True,PASS
NH44_SEG_018,Quartzite / Schist / Slate,21073.07,23573.07,0,0.0,True,PASS
NH44_SEG_019,Quartzite / Schist / Slate,21511.82,24011.82,0,0.0,True,PASS
NH44_SEG_020,Quartzite / Schist / Slate,21776.22,24276.22,0,0.0,True,PASS
NH44_SEG_021,Quartzite / Schist / Slate,22216.03,24716.03,0,0.0,True,PASS
NH44_SEG_022,Quartzite / Schist / Slate,22662.72,25162.72,0,0.0,True,PASS
NH44_SEG_023,Quartzite / Schist / Slate,22990.3,25490.3,0,0.0,True,PASS
NH44_SEG_024,Quartzite / Schist / Slate,23445.76,25945.76,0,0.0,True,PASS
NH44_SEG_025,Quartzite / Schist / Slate,23781.25,26281.25,0,0.0,True,PASS
NH44_SEG_026,Quartzite / Schist / Slate,24060.39,26560.39,0,0.0,True,PASS
NH44_SEG_027,Quartzite / Schist / Slate,24191.38,26691.38,0,0.0,True,PASS
NH44_SEG_028,Quartzite / Schist / Slate,24594.6,27094.6,0,0.0,True,PASS
NH44_SEG_029,Quartzite / Schist / Slate,24864.86,27364.86,0,0.0,True,PASS
NH44_SEG_030,Quartzite / Schist / Slate,25136.16,27636.16,0,0.0,True,PASS
NH44_SEG_031,Quartzite / Schist / Slate,25407.46,27907.46,0,0.0,True,PASS
NH44_SEG_032,Quartzite / Schist / Slate,25678.75,28178.75,0,0.0,True,PASS
NH44_SEG_033,Quartzite / Schist / Slate,25950.05,28450.05,0,0.0,True,PASS
NH44_SEG_034,Quartzite / Schist / Slate,26221.92,28721.92,0,0.0,True,PASS
NH44_SEG_035,Quartzite / Schist / Slate,26499.3,28999.3,0,0.0,True,PASS
NH44_SEG_036,Quartzite / Schist / Slate,26783.13,29283.13,0,0.0,True,PASS
NH44_SEG_037,Quartzite / Schist / Slate,27073.23,29573.23,0,0.0,True,PASS
NH44_SEG_038,Quartzite / Schist / Slate,27369.36,29869.36,0,0.0,True,PASS
NH44_SEG_039,Quartzite / Schist / Slate,27667.91,30167.91,0,0.0,True,PASS
NH44_SEG_040,Quartzite / Schist / Slate,27966.47,30466.47,0,0.0,True,PASS
NH44_SEG_041,Quartzite / Schist / Slate,28265.02,30765.02,0,0.0,True,PASS
NH44_SEG_042,Quartzite / Schist / Slate,28565.88,31065.88,0,0.0,True,PASS
NH44_SEG_043,Quartzite / Schist / Slate,28872.24,31372.24,0,0.0,True,PASS
NH44_SEG_044,Quartzite / Schist / Slate,29183.96,31683.96,0,0.0,True,PASS
NH44_SEG_045,Quartzite / Schist / Slate,29500.85,32000.85,0,0.0,True,PASS
NH44_SEG_046,Quartzite / Schist / Slate,29922.44,32422.44,0,0.0,True,PASS
NH44_SEG_047,Quartzite / Schist / Slate,30337.65,32837.65,0,0.0,True,PASS
NH44_SEG_048,Quartzite / Schist / Slate,30777.89,33277.89,0,0.0,True,PASS
NH44_SEG_049,Quartzite / Schist / Slate,31231.4,33731.4,0,0.0,True,PASS
NH44_SEG_050,Quartzite / Schist / Slate,31581.19,34081.19,0,0.0,True,PASS
NH44_SEG_051,Quartzite / Schist / Slate,31801.44,34301.44,0,0.0,True,PASS
NH44_SEG_052,Quartzite / Schist / Slate,31439.42,33939.42,0,0.0,True,PASS
NH44_SEG_053,Quartzite / Schist / Slate,31144.06,33644.06,0,0.0,True,PASS
NH44_SEG_054,Quartzite / Schist / Slate,30784.15,33284.15,0,0.0,True,PASS
NH44_SEG_055,Quartzite / Schist / Slate,30773.39,33273.39,0,0.0,True,PASS
NH44_SEG_056,Quartzite / Schist / Slate,31005.93,33505.93,0,0.0,True,PASS
NH44_SEG_057,Quartzite / Schist / Slate,31360.01,33860.01,0,0.0,True,PASS
NH44_SEG_058,Quartzite / Schist / Slate,31357.81,33857.81,0,0.0,True,PASS
NH44_SEG_059,Quartzite / Schist / Slate,31065.9,33565.9,0,0.0,True,PASS
NH44_SEG_060,Quartzite / Schist / Slate,31042.77,33542.77,0,0.0,True,PASS
NH44_SEG_061,Quartzite / Schist / Slate,30657.9,33157.9,0,0.0,True,PASS
NH44_SEG_062,Quartzite / Schist / Slate,30469.0,32969.0,0,0.0,True,PASS
NH44_SEG_063,Quartzite / Schist / Slate,30351.76,32851.76,0,0.0,True,PASS
NH44_SEG_064,Quartzite / Schist / Slate,30340.72,32840.72,0,0.0,True,PASS
NH44_SEG_065,Quartzite / Schist / Slate,30361.11,32861.11,0,0.0,True,PASS
NH44_SEG_066,Quartzite / Schist / Slate,30509.57,33009.57,0,0.0,True,PASS
NH44_SEG_067,Quartzite / Schist / Slate,30717.83,33217.83,0,0.0,True,PASS
NH44_SEG_068,Quartzite / Schist / Slate,31067.18,33567.18,0,0.0,True,PASS
NH44_SEG_069,Quartzite / Schist / Slate,31442.06,33942.06,0,0.0,True,PASS
NH44_SEG_070,Quartzite / Schist / Slate,31701.04,34201.04,0,0.0,True,PASS
NH44_SEG_071,Quartzite / Schist / Slate,31887.74,34387.74,0,0.0,True,PASS
NH44_SEG_072,Quartzite / Schist / Slate,31862.99,34362.99,0,0.0,True,PASS
NH44_SEG_073,Quartzite / Schist / Slate,31997.74,34497.74,0,0.0,True,PASS
NH44_SEG_074,Quartzite / Schist / Slate,32119.74,34619.74,0,0.0,True,PASS
NH44_SEG_075,Quartzite / Schist / Slate,32469.76,34969.76,0,0.0,True,PASS
NH44_SEG_076,Quartzite / Schist / Slate,32925.7,35425.7,0,0.0,True,PASS
NH44_SEG_077,Quartzite / Schist / Slate,33225.19,35725.19,0,0.0,True,PASS
NH44_SEG_078,Quartzite / Schist / Slate,33448.79,35948.79,0,0.0,True,PASS
NH44_SEG_079,Quartzite / Schist / Slate,33700.85,36200.85,0,0.0,True,PASS
NH44_SEG_080,Quartzite / Schist / Slate,34150.67,36650.67,0,0.0,True,PASS
NH44_SEG_081,Quartzite / Schist / Slate,34360.14,36860.14,0,0.0,True,PASS
NH44_SEG_082,Quartzite / Schist / Slate,34216.6,36716.6,0,0.0,True,PASS
NH44_SEG_083,Quartzite / Schist / Slate,34060.43,36560.43,0,0.0,True,PASS
NH44_SEG_084,Quartzite / Schist / Slate,33994.93,36494.93,0,0.0,True,PASS
NH44_SEG_085,Quartzite / Schist / Slate,33946.08,36446.08,0,0.0,True,PASS
NH44_SEG_086,Quartzite / Schist / Slate,33921.47,36421.47,0,0.0,True,PASS
NH44_SEG_087,Quartzite / Schist / Slate,33971.21,36471.21,0,0.0,True,PASS
NH44_SEG_088,Quartzite / Schist / Slate,34082.07,36582.07,0,0.0,True,PASS
NH44_SEG_089,Quartzite / Schist / Slate,34111.82,36611.82,0,0.0,True,PASS
NH44_SEG_090,Quartzite / Schist / Slate,34055.92,36555.92,0,0.0,True,PASS
NH44_SEG_091,Quartzite / Schist / Slate,33958.63,36458.63,0,0.0,True,PASS
NH44_SEG_092,Quartzite / Schist / Slate,33958.79,36458.79,0,0.0,True,PASS
NH44_SEG_093,Quartzite / Schist / Slate,34184.52,36684.52,0,0.0,True,PASS
NH44_SEG_094,Quartzite / Schist / Slate,34209.03,36709.03,0,0.0,True,PASS
NH44_SEG_095,Quartzite / Schist / Slate,34302.2,36802.2,0,0.0,True,PASS
NH44_SEG_096,Quartzite / Schist / Slate,34251.38,36751.38,0,0.0,True,PASS
NH44_SEG_097,Quartzite / Schist / Slate,34183.22,36683.22,0,0.0,True,PASS
NH44_SEG_098,Quartzite / Schist / Slate,34519.78,37019.78,0,0.0,True,PASS
NH44_SEG_099,Quartzite / Schist / Slate,34878.59,37378.59,0,0.0,True,PASS
NH44_SEG_100,Quartzite / Schist / Slate,35176.78,37676.78,0,0.0,True,PASS
NH44_SEG_101,Quartzite / Schist / Slate,35275.53,37775.53,0,0.0,True,PASS
NH44_SEG_102,Quartzite / Schist / Slate,35294.73,37794.73,0,0.0,True,PASS
NH44_SEG_103,Quartzite / Schist / Slate,35551.78,38051.78,0,0.0,True,PASS
NH44_SEG_104,Quartzite / Schist / Slate,35786.89,38286.89,0,0.0,True,PASS
NH44_SEG_105,Quartzite / Schist / Slate,35982.62,38482.62,0,0.0,True,PASS
NH44_SEG_106,Quartzite / Schist / Slate,36242.55,38742.55,0,0.0,True,PASS
NH44_SEG_107,Quartzite / Schist / Slate,36561.02,39061.02,0,0.0,True,PASS
NH44_SEG_108,Quartzite / Schist / Slate,36680.97,39180.97,0,0.0,True,PASS
NH44_SEG_109,Quartzite / Schist / Slate,37090.99,39590.99,0,0.0,True,PASS
NH44_SEG_110,Quartzite / Schist / Slate,37255.37,39755.37,0,0.0,True,PASS
NH44_SEG_111,Quartzite / Schist / Slate,37719.97,40219.97,0,0.0,True,PASS
NH44_SEG_112,Quartzite / Schist / Slate,38120.49,40620.49,0,0.0,True,PASS
NH44_SEG_113,Quartzite / Schist / Slate,38045.52,40545.52,0,0.0,True,PASS
NH44_SEG_114,Quartzite / Schist / Slate,37789.57,40289.57,0,0.0,True,PASS
NH44_SEG_115,Quartzite / Schist / Slate,37577.93,40077.93,0,0.0,True,PASS
NH44_SEG_116,Quartzite / Schist / Slate,37554.65,40054.65,0,0.0,True,PASS
NH44_SEG_117,Quartzite / Schist / Slate,37512.67,40012.67,0,0.0,True,PASS
NH44_SEG_118,Quartzite / Schist / Slate,37609.16,40109.16,0,0.0,True,PASS
NH44_SEG_119,Quartzite / Schist / Slate,38005.41,40505.41,0,0.0,True,PASS
NH44_SEG_120,Quartzite / Schist / Slate,38370.98,40870.98,0,0.0,True,PASS
NH44_SEG_121,Quartzite / Schist / Slate,38670.36,41170.36,0,0.0,True,PASS
NH44_SEG_122,Quartzite / Schist / Slate,38997.45,41497.45,0,0.0,True,PASS
NH44_SEG_123,Quartzite / Schist / Slate,39432.08,41932.08,0,0.0,True,PASS
NH44_SEG_124,Quartzite / Schist / Slate,39670.66,42170.66,0,0.0,True,PASS
NH44_SEG_125,Quartzite / Schist / Slate,39989.65,42489.65,0,0.0,True,PASS
NH44_SEG_126,Quartzite / Schist / Slate,40021.85,42521.85,0,0.0,True,PASS
NH44_SEG_127,Quartzite / Schist / Slate,40220.79,42720.79,0,0.0,True,PASS
NH44_SEG_128,Quartzite / Schist / Slate,40057.48,42557.48,0,0.0,True,PASS
NH44_SEG_129,Quartzite / Schist / Slate,39851.67,42351.67,0,0.0,True,PASS
NH44_SEG_130,Quartzite / Schist / Slate,39403.09,41903.09,0,0.0,True,PASS
NH44_SEG_131,Quartzite / Schist / Slate,39076.45,41576.45,0,0.0,True,PASS
NH44_SEG_132,Quartzite / Schist / Slate,38708.64,41208.64,0,0.0,True,PASS
NH44_SEG_133,Quartzite / Schist / Slate,38511.16,41011.16,0,0.0,True,PASS
NH44_SEG_134,Quartzite / Schist / Slate,38207.74,40707.74,0,0.0,True,PASS
NH44_SEG_135,Quartzite / Schist / Slate,38165.3,40665.3,0,0.0,True,PASS
NH44_SEG_136,Quartzite / Schist / Slate,38210.3,40710.3,0,0.0,True,PASS
NH44_SEG_137,Quartzite / Schist / Slate,38168.08,40668.08,0,0.0,True,PASS
NH44_SEG_138,Quartzite / Schist / Slate,38420.14,40920.14,0,0.0,True,PASS
NH44_SEG_139,Quartzite / Schist / Slate,38615.64,41115.64,0,0.0,True,PASS
NH44_SEG_140,Quartzite / Schist / Slate,38827.96,41327.96,0,0.0,True,PASS
NH44_SEG_141,Quartzite / Schist / Slate,38902.58,41402.58,0,0.0,True,PASS
NH44_SEG_142,Quartzite / Schist / Slate,38749.37,41249.37,0,0.0,True,PASS
NH44_SEG_143,Quartzite / Schist / Slate,38509.14,41009.14,0,0.0,True,PASS
NH44_SEG_144,Quartzite / Schist / Slate,38441.93,40941.93,0,0.0,True,PASS
NH44_SEG_145,Quartzite / Schist / Slate,38480.2,40980.2,0,0.0,True,PASS
NH44_SEG_146,Quartzite / Schist / Slate,38563.8,41063.8,0,0.0,True,PASS
NH44_SEG_147,Quartzite / Schist / Slate,38714.68,41214.68,0,0.0,True,PASS
NH44_SEG_148,Quartzite / Schist / Slate,39079.25,41579.25,0,0.0,True,PASS
NH44_SEG_149,Quartzite / Schist / Slate,39472.96,41972.96,0,0.0,True,PASS
NH44_SEG_150,Quartzite / Schist / Slate,39860.18,42360.18,0,0.0,True,PASS
NH44_SEG_151,Quartzite / Schist / Slate,40085.1,42585.1,0,0.0,True,PASS
NH44_SEG_152,Quartzite / Schist / Slate,40486.06,42986.06,0,0.0,True,PASS
NH44_SEG_153,Quartzite / Schist / Slate,40709.3,43209.3,0,0.0,True,PASS
NH44_SEG_154,Quartzite / Schist / Slate,40690.92,43190.92,0,0.0,True,PASS
NH44_SEG_155,Quartzite / Schist / Slate,40695.56,43195.56,0,0.0,True,PASS
NH44_SEG_156,Quartzite / Schist / Slate,41061.2,43561.2,0,0.0,True,PASS
NH44_SEG_157,Quartzite / Schist / Slate,41343.37,43843.37,0,0.0,True,PASS
NH44_SEG_158,Quartzite / Schist / Slate,41452.45,43952.45,0,0.0,True,PASS
