segment_id,segment_index,chainage_start_m,chainage_end_m,chainage_mid_m,length_m,is_residual_segment,start_longitude,start_latitude,end_longitude,end_latitude,midpoint_longitude,midpoint_latitude,district_name,analysis_buffer_m,elevation_min_m,elevation_max_m,elevation_mean_m,elevation_median_m,elevation_std_m,elevation_range_m,elevation_p90_m,slope_min_deg,slope_max_deg,slope_mean_deg,slope_median_deg,slope_std_deg,slope_p90_deg,slope_pct_above_15deg,slope_pct_above_25deg,slope_pct_above_35deg,aspect_circular_mean_deg,aspect_north_fraction,aspect_east_fraction,aspect_south_fraction,aspect_west_fraction,aspect_dominant_class,hillshade_mean,hillshade_median,hillshade_std,susceptibility_min_prob,susceptibility_max_prob,susceptibility_mean_prob,susceptibility_median_prob,susceptibility_std_prob,susceptibility_p75_prob,susceptibility_p90_prob,susceptibility_p95_prob,susceptibility_very_low_fraction,susceptibility_low_fraction,susceptibility_moderate_fraction,susceptibility_high_fraction,susceptibility_very_high_fraction,susceptibility_dominant_class,susceptibility_pct_high_very_high,susceptibility_max_contiguous_high_len_m,landcover_dominant_class,landcover_builtup_fraction,landcover_cropland_fraction,landcover_forest_fraction,landcover_grassland_fraction,landcover_bareground_fraction,landcover_water_fraction,landcover_snow_ice_fraction,geology_dominant_lithology,geology_lithological_diversity_count,geology_overlap_pct,fault_distance_nearest_m,fault_intersection_count,fault_density_100m_m_per_sqkm,fault_density_250m_m_per_sqkm,fault_distance_active_m,fault_active_intersection_count,drainage_distance_min_m,drainage_distance_mean_m,drainage_intersection_count,drainage_density_100m_m_per_sqkm,road_distance_min_m,road_intersection_count,road_density_m_per_sqkm,road_cut_exposure_proxy,structure_open_road_length_m,structure_tunnel_length_m,structure_bridge_length_m,structure_open_road_fraction,structure_tunnel_fraction,structure_bridge_fraction,structure_dominant_type,structure_mixed_flag,structure_boundary_crossing_flag,valid_coverage_pct,coverage_quality_flag
NH44_SEG_001,0,0.0,500.0,250.0,500.0,False,75.191949,32.991498,75.194899,32.991254,75.192389,32.99161,Ramban/Udhampur,100,,,,,,,,,,,,,,,,,,,,,,,,,,,,,,,,,,,,,,,,,,Tree cover (Forest),0.05,0.15,0.6,0.15,0.04,0.01,0.0,Quartzite / Schist / Slate,2,100.0,14349.76,0,0.0,0.0,16849.76,0,120.0,250.0,1,1250.0,0.0,1,5000.0,,500.0,0.0,0.0,1.0,0.0,0.0,Open Road,False,False,100.0,COMPLETE
NH44_SEG_002,1,500.0,1000.0,750.0,500.0,False,75.194899,32.991254,75.198885,32.992929,75.197494,32.991265,Ramban/Udhampur,100,,,,,,,,,,,,,,,,,,,,,,,,,,,,,,,,,,,,,,,,,,Tree cover (Forest),0.05,0.15,0.6,0.15,0.04,0.01,0.0,Quartzite / Schist / Slate,2,100.0,14780.31,0,0.0,0.0,17280.31,0,130.0,265.0,0,400.0,0.0,1,5000.0,,500.0,0.0,0.0,1.0,0.0,0.0,Open Road,False,False,100.0,COMPLETE
NH44_SEG_003,2,1000.0,1500.0,1250.0,500.0,False,75.198885,32.992929,75.200158,32.997161,75.199061,32.995151,Ramban/Udhampur,100,,,,,,,,,,,,,,,,,,,,,,,,,,,,,,,,,,,,,,,,,,Tree cover (Forest),0.05,0.15,0.6,0.15,0.04,0.01,0.0,Quartzite / Schist / Slate,1,100.0,15119.85,0,0.0,0.0,17619.85,0,140.0,280.0,0,400.0,0.0,1,5000.0,,500.0,0.0,0.0,1.0,0.0,0.0,Open Road,False,False,100.0,COMPLETE
NH44_SEG_004,3,1500.0,2000.0,1750.0,500.0,False,75.200158,32.997161,75.205069,32.997836,75.202505,32.998052,Ramban/Udhampur,100,,,,,,,,,,,,,,,,,,,,,,,,,,,,,,,,,,,,,,,,,,Tree cover (Forest),0.05,0.15,0.6,0.15,0.04,0.01,0.0,Quartzite / Schist / Slate,2,100.0,15434.67,0,0.0,0.0,17934.67,0,150.0,295.0,0,400.0,0.0,1,5000.0,,500.0,0.0,0.0,1.0,0.0,0.0,Open Road,False,False,100.0,COMPLETE
NH44_SEG_005,4,2000.0,2500.0,2250.0,500.0,False,75.205069,32.997836,75.208203,33.000936,75.206563,32.999463,Ramban/Udhampur,100,,,,,,,,,,,,,,,,,,,,,,,,,,,,,,,,,,,,,,,,,,Tree cover (Forest),0.05,0.15,0.6,0.15,0.04,0.01,0.0,Quartzite / Schist / Slate,2,100.0,15876.79,0,0.0,0.0,18376.79,0,160.0,310.0,0,400.0,0.0,1,5000.0,,500.0,0.0,0.0,1.0,0.0,0.0,Open Road,False,False,100.0,COMPLETE
NH44_SEG_006,5,2500.0,3000.0,2750.0,500.0,False,75.208203,33.000936,75.213131,33.002567,75.210746,33.001616,Ramban/Udhampur,100,,,,,,,,,,,,,,,,,,,,,,,,,,,,,,,,,,,,,,,,,,Tree cover (Forest),0.05,0.15,0.6,0.15,0.04,0.01,0.0,Quartzite / Schist / Slate,1,100.0,16310.03,0,0.0,0.0,18810.03,0,170.0,325.0,0,400.0,0.0,1,5000.0,,500.0,0.0,0.0,1.0,0.0,0.0,Open Road,False,False,100.0,COMPLETE
NH44_SEG_007,6,3000.0,3500.0,3250.0,500.0,False,75.213131,33.002567,75.217804,33.004639,75.215494,33.003558,Ramban/Udhampur,100,,,,,,,,,,,,,,,,,,,,,,,,,,,,,,,,,,,,,,,,,,Tree cover (Forest),0.05,0.15,0.6,0.15,0.04,0.01,0.0,Quartzite / Schist / Slate,2,100.0,16744.65,0,0.0,0.0,19244.65,0,180.0,340.0,0,400.0,0.0,1,5000.0,,500.0,0.0,0.0,1.0,0.0,0.0,Open Road,False,False,100.0,COMPLETE
NH44_SEG_008,7,3500.0,4000.0,3750.0,500.0,False,75.217804,33.004639,75.219418,33.008528,75.219544,33.0063,Ramban/Udhampur,100,,,,,,,,,,,,,,,,,,,,,,,,,,,,,,,,,,,,,,,,,,Tree cover (Forest),0.05,0.15,0.6,0.15,0.04,0.01,0.0,Quartzite / Schist / Slate,2,100.0,17263.68,0,0.0,0.0,19763.68,0,190.0,355.0,1,1250.0,0.0,1,5000.0,,500.0,0.0,0.0,1.0,0.0,0.0,Open Road,False,False,100.0,COMPLETE
NH44_SEG_009,8,4000.0,4500.0,4250.0,500.0,False,75.219418,33.008528,75.223589,33.010588,75.221075,33.009946,Ramban/Udhampur,100,,,,,,,,,,,,,,,,,,,,,,,,,,,,,,,,,,,,,,,,,,Tree cover (Forest),0.05,0.15,0.6,0.15,0.04,0.01,0.0,Quartzite / Schist / Slate,3,100.0,17475.01,0,0.0,0.0,19975.01,0,200.0,370.0,0,400.0,0.0,1,5000.0,,500.0,0.0,0.0,1.0,0.0,0.0,Open Road,False,False,100.0,COMPLETE
NH44_SEG_010,9,4500.0,5000.0,4750.0,500.0,False,75.223589,33.010588,75.227213,33.013068,75.226206,33.01102,Ramban/Udhampur,100,,,,,,,,,,,,,,,,,,,,,,,,,,,,,,,,,,,,,,,,,,Tree cover (Forest),0.05,0.15,0.6,0.15,0.04,0.01,0.0,Quartzite / Schist / Slate,2,100.0,17995.81,0,0.0,0.0,20495.81,0,210.0,385.0,0,400.0,0.0,1,5000.0,,500.0,0.0,0.0,1.0,0.0,0.0,Open Road,False,False,100.0,COMPLETE
NH44_SEG_011,10,5000.0,5500.0,5250.0,500.0,False,75.227213,33.013068,75.231953,33.014388,75.229573,33.013755,Ramban/Udhampur,100,,,,,,,,,,,,,,,,,,,,,,,,,,,,,,,,,,,,,,,,,,Tree cover (Forest),0.05,0.15,0.6,0.15,0.04,0.01,0.0,Quartzite / Schist / Slate,2,100.0,18357.59,0,0.0,0.0,20857.59,0,220.0,400.0,0,400.0,0.0,1,5000.0,,500.0,0.0,0.0,1.0,0.0,0.0,Open Road,False,False,100.0,COMPLETE
NH44_SEG_012,11,5500.0,6000.0,5750.0,500.0,False,75.231953,33.014388,75.236259,33.016266,75.2338,33.015454,Ramban/Udhampur,100,,,,,,,,,,,,,,,,,,,,,,,,,,,,,,,,,,,,,,,,,,Tree cover (Forest),0.05,0.15,0.6,0.15,0.04,0.01,0.0,Quartzite / Schist / Slate,2,100.0,18846.53,0,0.0,0.0,21346.53,0,230.0,415.0,0,400.0,0.0,1,5000.0,,500.0,0.0,0.0,1.0,0.0,0.0,Open Road,False,False,100.0,COMPLETE
NH44_SEG_013,12,6000.0,6500.0,6250.0,500.0,False,75.236259,33.016266,75.238164,33.019738,75.236814,33.018068,Ramban/Udhampur,100,,,,,,,,,,,,,,,,,,,,,,,,,,,,,,,,,,,,,,,,,,Tree cover (Forest),0.05,0.15,0.6,0.15,0.04,0.01,0.0,Quartzite / Schist / Slate,2,100.0,19345.34,0,0.0,0.0,21845.34,0,240.0,430.0,0,400.0,0.0,1,5000.0,,500.0,0.0,0.0,1.0,0.0,0.0,Open Road,False,False,100.0,COMPLETE
NH44_SEG_014,13,6500.0,7000.0,6750.0,500.0,False,75.238164,33.019738,75.243077,33.018877,75.240488,33.018726,Ramban/Udhampur,100,,,,,,,,,,,,,,,,,,,,,,,,,,,,,,,,,,,,,,,,,,Tree cover (Forest),0.05,0.15,0.6,0.15,0.04,0.01,0.0,Quartzite / Schist / Slate,2,100.0,19608.44,0,0.0,0.0,22108.44,0,250.0,445.0,0,400.0,0.0,1,5000.0,,500.0,0.0,0.0,1.0,0.0,0.0,Open Road,False,False,100.0,COMPLETE
NH44_SEG_015,14,7000.0,7500.0,7250.0,500.0,False,75.243077,33.018877,75.245809,33.021607,75.245445,33.019586,Ramban/Udhampur,100,,,,,,,,,,,,,,,,,,,,,,,,,,,,,,,,,,,,,,,,,,Tree cover (Forest),0.05,0.15,0.6,0.15,0.04,0.01,0.0,Quartzite / Schist / Slate,2,100.0,19971.15,0,0.0,0.0,22471.15,0,260.0,460.0,1,1250.0,0.0,1,5000.0,,500.0,0.0,0.0,1.0,0.0,0.0,Open Road,False,False,100.0,COMPLETE
NH44_SEG_016,15,7500.0,8000.0,7750.0,500.0,False,75.245809,33.021607,75.248523,33.024961,75.247197,33.023286,Ramban/Udhampur,100,,,,,,,,,,,,,,,,,,,,,,,,,,,,,,,,,,,,,,,,,,Tree cover (Forest),0.05,0.15,0.6,0.15,0.04,0.01,0.0,Quartzite / Schist / Slate,1,100.0,20300.87,0,0.0,0.0,22800.87,0,120.0,250.0,0,400.0,0.0,1,5000.0,,500.0,0.0,0.0,1.0,0.0,0.0,Open Road,False,False,100.0,COMPLETE
NH44_SEG_017,16,8000.0,8500.0,8250.0,500.0,False,75.248523,33.024961,75.2527,33.025103,75.250535,33.0257,Ramban/Udhampur,100,,,,,,,,,,,,,,,,,,,,,,,,,,,,,,,,,,,,,,,,,,Tree cover (Forest),0.05,0.15,0.6,0.15,0.04,0.01,0.0,Quartzite / Schist / Slate,2,100.0,20672.74,0,0.0,0.0,23172.74,0,130.0,265.0,0,400.0,0.0,1,5000.0,,500.0,0.0,0.0,1.0,0.0,0.0,Open Road,False,False,100.0,COMPLETE
NH44_SEG_018,17,8500.0,9000.0,8750.0,500.0,False,75.2527,33.025103,75.256812,33.026729,75.254498,33.026164,Ramban/Udhampur,100,,,,,,,,,,,,,,,,,,,,,,,,,,,,,,,,,,,,,,,,,,Tree cover (Forest),0.05,0.15,0.6,0.15,0.04,0.01,0.0,Quartzite / Schist / Slate,1,100.0,21073.07,0,0.0,0.0,23573.07,0,140.0,280.0,0,400.0,0.0,1,5000.0,,500.0,0.0,0.0,1.0,0.0,0.0,Open Road,False,False,100.0,COMPLETE
NH44_SEG_019,18,9000.0,9500.0,9250.0,500.0,False,75.256812,33.026729,75.258686,33.029495,75.257833,33.028292,Ramban/Udhampur,100,,,,,,,,,,,,,,,,,,,,,,,,,,,,,,,,,,,,,,,,,,Tree cover (Forest),0.05,0.15,0.6,0.15,0.04,0.01,0.0,Quartzite / Schist / Slate,1,100.0,21511.82,0,0.0,0.0,24011.82,0,150.0,295.0,0,400.0,0.0,1,5000.0,,500.0,0.0,0.0,1.0,0.0,0.0,Open Road,False,False,100.0,COMPLETE
NH44_SEG_020,19,9500.0,10000.0,9750.0,500.0,False,75.258686,33.029495,75.263749,33.028967,75.261211,33.028781,Ramban/Udhampur,100,,,,,,,,,,,,,,,,,,,,,,,,,,,,,,,,,,,,,,,,,,Tree cover (Forest),0.05,0.15,0.6,0.15,0.04,0.01,0.0,Quartzite / Schist / Slate,1,100.0,21776.22,0,0.0,0.0,24276.22,0,160.0,310.0,0,400.0,0.0,1,5000.0,,500.0,0.0,0.0,1.0,0.0,0.0,Open Road,False,False,100.0,COMPLETE
NH44_SEG_021,20,10000.0,10500.0,10250.0,500.0,False,75.263749,33.028967,75.268033,33.031456,75.26613,33.029876,Ramban/Udhampur,100,,,,,,,,,,,,,,,,,,,,,,,,,,,,,,,,,,,,,,,,,,Tree cover (Forest),0.05,0.15,0.6,0.15,0.04,0.01,0.0,Quartzite / Schist / Slate,1,100.0,22216.03,0,0.0,0.0,24716.03,0,170.0,325.0,0,400.0,0.0,1,5000.0,,500.0,0.0,0.0,1.0,0.0,0.0,Open Road,False,False,100.0,COMPLETE
NH44_SEG_022,21,10500.0,11000.0,10750.0,500.0,False,75.268033,33.031456,75.269905,33.035421,75.268594,33.033645,Ramban/Udhampur,100,,,,,,,,,,,,,,,,,,,,,,,,,,,,,,,,,,,,,,,,,,Tree cover (Forest),0.05,0.15,0.6,0.15,0.04,0.01,0.0,Quartzite / Schist / Slate,1,100.0,22662.72,0,0.0,0.0,25162.72,0,180.0,340.0,1,1250.0,0.0,1,5000.0,,500.0,0.0,0.0,1.0,0.0,0.0,Open Road,False,False,100.0,COMPLETE
NH44_SEG_023,22,11000.0,11500.0,11250.0,500.0,False,75.269905,33.035421,75.274623,33.035357,75.27232,33.035645,Ramban/Udhampur,100,,,,,,,,,,,,,,,,,,,,,,,,,,,,,,,,,,,,,,,,,,Tree cover (Forest),0.05,0.15,0.6,0.15,0.04,0.01,0.0,Quartzite / Schist / Slate,1,100.0,22990.3,0,0.0,0.0,25490.3,0,190.0,355.0,0,400.0,0.0,1,5000.0,,500.0,0.0,0.0,1.0,0.0,0.0,Open Road,False,False,100.0,COMPLETE
NH44_SEG_024,23,11500.0,12000.0,11750.0,500.0,False,75.274623,33.035357,75.278172,33.037939,75.276984,33.036283,Ramban/Udhampur,100,,,,,,,,,,,,,,,,,,,,,,,,,,,,,,,,,,,,,,,,,,Tree cover (Forest),0.05,0.15,0.6,0.15,0.04,0.01,0.0,Quartzite / Schist / Slate,1,100.0,23445.76,0,0.0,0.0,25945.76,0,200.0,370.0,0,400.0,0.0,1,5000.0,,500.0,0.0,0.0,1.0,0.0,0.0,Open Road,False,False,100.0,COMPLETE
NH44_SEG_025,24,12000.0,12500.0,12250.0,500.0,False,75.278172,33.037939,75.279173,33.041928,75.279274,33.039892,Ramban/Udhampur,100,,,,,,,,,,,,,,,,,,,,,,,,,,,,,,,,,,,,,,,,,,Tree cover (Forest),0.05,0.15,0.6,0.15,0.04,0.01,0.0,Quartzite / Schist / Slate,1,100.0,23781.25,0,0.0,0.0,26281.25,0,210.0,385.0,0,400.0,0.0,1,5000.0,,500.0,0.0,0.0,1.0,0.0,0.0,Open Road,False,False,100.0,COMPLETE
NH44_SEG_026,25,12500.0,13000.0,12750.0,500.0,False,75.279173,33.041928,75.278523,33.04633,75.279075,33.04414,Ramban/Udhampur,100,,,,,,,,,,,,,,,,,,,,,,,,,,,,,,,,,,,,,,,,,,Tree cover (Forest),0.05,0.15,0.6,0.15,0.04,0.01,0.0,Quartzite / Schist / Slate,1,100.0,24060.39,0,0.0,0.0,26560.39,0,220.0,400.0,0,400.0,0.0,1,5000.0,,500.0,0.0,0.0,1.0,0.0,0.0,Open Road,False,False,100.0,COMPLETE
NH44_SEG_027,26,13000.0,13500.0,13250.0,500.0,False,75.278523,33.04633,75.281183,33.050165,75.279928,33.04822,Ramban/Udhampur,100,,,,,,,,,,,,,,,,,,,,,,,,,,,,,,,,,,,,,,,,,,Tree cover (Forest),0.05,0.15,0.6,0.15,0.04,0.01,0.0,Quartzite / Schist / Slate,1,100.0,24191.38,0,0.0,0.0,26691.38,0,230.0,415.0,0,400.0,0.0,1,5000.0,,500.0,0.0,0.0,1.0,0.0,0.0,Open Road,False,False,100.0,COMPLETE
NH44_SEG_028,27,13500.0,14000.0,13750.0,500.0,False,75.281183,33.050165,75.281843,33.054641,75.281513,33.052403,Ramban/Udhampur,100,,,,,,,,,,,,,,,,,,,,,,,,,,,,,,,,,,,,,,,,,,Tree cover (Forest),0.05,0.15,0.6,0.15,0.04,0.01,0.0,Quartzite / Schist / Slate,1,100.0,24594.6,0,0.0,0.0,27094.6,0,240.0,430.0,0,400.0,0.0,1,5000.0,,500.0,0.0,0.0,1.0,0.0,0.0,Open Road,False,False,100.0,COMPLETE
NH44_SEG_029,28,14000.0,14500.0,14250.0,500.0,False,75.281843,33.054641,75.282502,33.059117,75.282172,33.056879,Ramban/Udhampur,100,,,,,,,,,,,,,,,,,,,,,,,,,,,,,,,,,,,,,,,,,,Tree cover (Forest),0.05,0.15,0.6,0.15,0.04,0.01,0.0,Quartzite / Schist / Slate,1,100.0,24864.86,0,0.0,0.0,27364.86,0,250.0,445.0,1,1250.0,0.0,1,5000.0,,500.0,0.0,0.0,1.0,0.0,0.0,Open Road,False,False,100.0,COMPLETE
NH44_SEG_030,29,14500.0,15000.0,14750.0,500.0,False,75.282502,33.059117,75.283161,33.063593,75.282832,33.061355,Ramban/Udhampur,100,,,,,,,,,,,,,,,,,,,,,,,,,,,,,,,,,,,,,,,,,,Tree cover (Forest),0.05,0.15,0.6,0.15,0.04,0.01,0.0,Quartzite / Schist / Slate,1,100.0,25136.16,0,0.0,0.0,27636.16,0,260.0,460.0,0,400.0,0.0,1,5000.0,,500.0,0.0,0.0,1.0,0.0,0.0,Open Road,False,False,100.0,COMPLETE
NH44_SEG_031,30,15000.0,15500.0,15250.0,500.0,False,75.283161,33.063593,75.283821,33.068069,75.283491,33.065831,Ramban/Udhampur,100,,,,,,,,,,,,,,,,,,,,,,,,,,,,,,,,,,,,,,,,,,Tree cover (Forest),0.05,0.15,0.6,0.15,0.04,0.01,0.0,Quartzite / Schist / Slate,1,100.0,25407.46,0,0.0,0.0,27907.46,0,120.0,250.0,0,400.0,0.0,1,5000.0,,500.0,0.0,0.0,1.0,0.0,0.0,Open Road,False,False,100.0,COMPLETE
NH44_SEG_032,31,15500.0,16000.0,15750.0,500.0,False,75.283821,33.068069,75.284481,33.072544,75.284151,33.070306,Ramban/Udhampur,100,,,,,,,,,,,,,,,,,,,,,,,,,,,,,,,,,,,,,,,,,,Tree cover (Forest),0.05,0.15,0.6,0.15,0.04,0.01,0.0,Quartzite / Schist / Slate,1,100.0,25678.75,0,0.0,0.0,28178.75,0,130.0,265.0,0,400.0,0.0,1,5000.0,,500.0,0.0,0.0,1.0,0.0,0.0,Open Road,False,False,100.0,COMPLETE
NH44_SEG_033,32,16000.0,16500.0,16250.0,500.0,False,75.284481,33.072544,75.28514,33.07702,75.28481,33.074782,Ramban/Udhampur,100,,,,,,,,,,,,,,,,,,,,,,,,,,,,,,,,,,,,,,,,,,Tree cover (Forest),0.05,0.15,0.6,0.15,0.04,0.01,0.0,Quartzite / Schist / Slate,1,100.0,25950.05,0,0.0,0.0,28450.05,0,140.0,280.0,0,400.0,0.0,1,5000.0,,0.0,500.0,0.0,0.0,1.0,0.0,Tunnel,False,False,100.0,COMPLETE
NH44_SEG_034,33,16500.0,17000.0,16750.0,500.0,False,75.28514,33.07702,75.2858,33.081496,75.28547,33.079258,Ramban/Udhampur,100,,,,,,,,,,,,,,,,,,,,,,,,,,,,,,,,,,,,,,,,,,Tree cover (Forest),0.05,0.15,0.6,0.15,0.04,0.01,0.0,Quartzite / Schist / Slate,1,100.0,26221.92,0,0.0,0.0,28721.92,0,150.0,295.0,0,400.0,0.0,1,5000.0,,0.0,500.0,0.0,0.0,1.0,0.0,Tunnel,False,False,100.0,COMPLETE
NH44_SEG_035,34,17000.0,17500.0,17250.0,500.0,False,75.2858,33.081496,75.28646,33.085972,75.28613,33.083734,Ramban/Udhampur,100,,,,,,,,,,,,,,,,,,,,,,,,,,,,,,,,,,,,,,,,,,Tree cover (Forest),0.05,0.15,0.6,0.15,0.04,0.01,0.0,Quartzite / Schist / Slate,1,100.0,26499.3,0,0.0,0.0,28999.3,0,160.0,310.0,0,400.0,0.0,1,5000.0,,0.0,500.0,0.0,0.0,1.0,0.0,Tunnel,False,False,100.0,COMPLETE
NH44_SEG_036,35,17500.0,18000.0,17750.0,500.0,False,75.28646,33.085972,75.28712,33.090447,75.28679,33.088209,Ramban/Udhampur,100,,,,,,,,,,,,,,,,,,,,,,,,,,,,,,,,,,,,,,,,,,Tree cover (Forest),0.05,0.15,0.6,0.15,0.04,0.01,0.0,Quartzite / Schist / Slate,1,100.0,26783.13,0,0.0,0.0,29283.13,0,170.0,325.0,1,1250.0,0.0,1,5000.0,,0.0,500.0,0.0,0.0,1.0,0.0,Tunnel,False,False,100.0,COMPLETE
NH44_SEG_037,36,18000.0,18500.0,18250.0,500.0,False,75.28712,33.090447,75.287779,33.094923,75.287449,33.092685,Ramban/Udhampur,100,,,,,,,,,,,,,,,,,,,,,,,,,,,,,,,,,,,,,,,,,,Tree cover (Forest),0.05,0.15,0.6,0.15,0.04,0.01,0.0,Quartzite / Schist / Slate,1,100.0,27073.23,0,0.0,0.0,29573.23,0,180.0,340.0,0,400.0,0.0,1,5000.0,,0.0,500.0,0.0,0.0,1.0,0.0,Tunnel,False,False,100.0,COMPLETE
NH44_SEG_038,37,18500.0,19000.0,18750.0,500.0,False,75.287779,33.094923,75.288439,33.099399,75.288109,33.097161,Ramban/Udhampur,100,,,,,,,,,,,,,,,,,,,,,,,,,,,,,,,,,,,,,,,,,,Tree cover (Forest),0.05,0.15,0.6,0.15,0.04,0.01,0.0,Quartzite / Schist / Slate,1,100.0,27369.36,0,0.0,0.0,29869.36,0,190.0,355.0,0,400.0,0.0,1,5000.0,,0.0,500.0,0.0,0.0,1.0,0.0,Tunnel,False,False,100.0,COMPLETE
NH44_SEG_039,38,19000.0,19500.0,19250.0,500.0,False,75.288439,33.099399,75.2891,33.103875,75.288769,33.101637,Ramban/Udhampur,100,,,,,,,,,,,,,,,,,,,,,,,,,,,,,,,,,,,,,,,,,,Tree cover (Forest),0.05,0.15,0.6,0.15,0.04,0.01,0.0,Quartzite / Schist / Slate,1,100.0,27667.91,0,0.0,0.0,30167.91,0,200.0,370.0,0,400.0,0.0,1,5000.0,,0.0,500.0,0.0,0.0,1.0,0.0,Tunnel,False,False,100.0,COMPLETE
NH44_SEG_040,39,19500.0,20000.0,19750.0,500.0,False,75.2891,33.103875,75.28976,33.10835,75.28943,33.106112,Ramban/Udhampur,100,,,,,,,,,,,,,,,,,,,,,,,,,,,,,,,,,,,,,,,,,,Tree cover (Forest),0.05,0.15,0.6,0.15,0.04,0.01,0.0,Quartzite / Schist / Slate,1,100.0,27966.47,0,0.0,0.0,30466.47,0,210.0,385.0,0,400.0,0.0,1,5000.0,,0.0,500.0,0.0,0.0,1.0,0.0,Tunnel,False,False,100.0,COMPLETE
NH44_SEG_041,40,20000.0,20500.0,20250.0,500.0,False,75.28976,33.10835,75.29042,33.112826,75.29009,33.110588,Ramban/Udhampur,100,,,,,,,,,,,,,,,,,,,,,,,,,,,,,,,,,,,,,,,,,,Tree cover (Forest),0.05,0.15,0.6,0.15,0.04,0.01,0.0,Quartzite / Schist / Slate,1,100.0,28265.02,0,0.0,0.0,30765.02,0,220.0,400.0,0,400.0,0.0,1,5000.0,,0.0,500.0,0.0,0.0,1.0,0.0,Tunnel,False,False,100.0,COMPLETE
NH44_SEG_042,41,20500.0,21000.0,20750.0,500.0,False,75.29042,33.112826,75.29108,33.117302,75.29075,33.115064,Ramban/Udhampur,100,,,,,,,,,,,,,,,,,,,,,,,,,,,,,,,,,,,,,,,,,,Tree cover (Forest),0.05,0.15,0.6,0.15,0.04,0.01,0.0,Quartzite / Schist / Slate,1,100.0,28565.88,0,0.0,0.0,31065.88,0,230.0,415.0,0,400.0,0.0,1,5000.0,,0.0,500.0,0.0,0.0,1.0,0.0,Tunnel,False,False,100.0,COMPLETE
NH44_SEG_043,42,21000.0,21500.0,21250.0,500.0,False,75.29108,33.117302,75.29174,33.121777,75.29141,33.11954,Ramban/Udhampur,100,,,,,,,,,,,,,,,,,,,,,,,,,,,,,,,,,,,,,,,,,,Tree cover (Forest),0.05,0.15,0.6,0.15,0.04,0.01,0.0,Quartzite / Schist / Slate,1,100.0,28872.24,0,0.0,0.0,31372.24,0,240.0,430.0,1,1250.0,0.0,1,5000.0,,0.0,500.0,0.0,0.0,1.0,0.0,Tunnel,False,False,100.0,COMPLETE
NH44_SEG_044,43,21500.0,22000.0,21750.0,500.0,False,75.29174,33.121777,75.292401,33.126253,75.292071,33.124015,Ramban/Udhampur,100,,,,,,,,,,,,,,,,,,,,,,,,,,,,,,,,,,,,,,,,,,Tree cover (Forest),0.05,0.15,0.6,0.15,0.04,0.01,0.0,Quartzite / Schist / Slate,1,100.0,29183.96,0,0.0,0.0,31683.96,0,250.0,445.0,0,400.0,0.0,1,5000.0,,0.0,500.0,0.0,0.0,1.0,0.0,Tunnel,False,False,100.0,COMPLETE
NH44_SEG_045,44,22000.0,22500.0,22250.0,500.0,False,75.292401,33.126253,75.294083,33.130423,75.292731,33.128491,Ramban/Udhampur,100,,,,,,,,,,,,,,,,,,,,,,,,,,,,,,,,,,,,,,,,,,Tree cover (Forest),0.05,0.15,0.6,0.15,0.04,0.01,0.0,Quartzite / Schist / Slate,1,100.0,29500.85,0,0.0,0.0,32000.85,0,260.0,460.0,0,400.0,0.0,1,5000.0,,0.0,500.0,0.0,0.0,1.0,0.0,Tunnel,False,False,100.0,COMPLETE
NH44_SEG_046,45,22500.0,23000.0,22750.0,500.0,False,75.294083,33.130423,75.297429,33.133564,75.296248,33.131683,Ramban/Udhampur,100,,,,,,,,,,,,,,,,,,,,,,,,,,,,,,,,,,,,,,,,,,Tree cover (Forest),0.05,0.15,0.6,0.15,0.04,0.01,0.0,Quartzite / Schist / Slate,1,100.0,29922.44,0,0.0,0.0,32422.44,0,120.0,250.0,0,400.0,0.0,1,5000.0,,0.0,500.0,0.0,0.0,1.0,0.0,Tunnel,False,False,100.0,COMPLETE
NH44_SEG_047,46,23000.0,23500.0,23250.0,500.0,False,75.297429,33.133564,75.299758,33.137346,75.298427,33.135394,Ramban/Udhampur,100,,,,,,,,,,,,,,,,,,,,,,,,,,,,,,,,,,,,,,,,,,Tree cover (Forest),0.05,0.15,0.6,0.15,0.04,0.01,0.0,Quartzite / Schist / Slate,2,100.0,30337.65,0,0.0,0.0,32837.65,0,130.0,265.0,0,400.0,0.0,1,5000.0,,0.0,500.0,0.0,0.0,1.0,0.0,Tunnel,False,False,100.0,COMPLETE
NH44_SEG_048,47,23500.0,24000.0,23750.0,500.0,False,75.299758,33.137346,75.303076,33.14062,75.301138,33.139248,Ramban/Udhampur,100,,,,,,,,,,,,,,,,,,,,,,,,,,,,,,,,,,,,,,,,,,Tree cover (Forest),0.05,0.15,0.6,0.15,0.04,0.01,0.0,Quartzite / Schist / Slate,1,100.0,30777.89,0,0.0,0.0,33277.89,0,140.0,280.0,0,400.0,0.0,1,5000.0,,0.0,500.0,0.0,0.0,1.0,0.0,Tunnel,False,False,100.0,COMPLETE
NH44_SEG_049,48,24000.0,24500.0,24250.0,500.0,False,75.303076,33.14062,75.3041,33.144878,75.303952,33.142706,Ramban/Udhampur,100,,,,,,,,,,,,,,,,,,,,,,,,,,,,,,,,,,,,,,,,,,Tree cover (Forest),0.05,0.15,0.6,0.15,0.04,0.01,0.0,Quartzite / Schist / Slate,1,100.0,31231.4,0,0.0,0.0,33731.4,0,150.0,295.0,0,400.0,0.0,1,5000.0,,500.0,0.0,0.0,1.0,0.0,0.0,Open Road,False,False,100.0,COMPLETE
NH44_SEG_050,49,24500.0,25000.0,24750.0,500.0,False,75.3041,33.144878,75.304678,33.148483,75.305225,33.146815,Ramban/Udhampur,100,,,,,,,,,,,,,,,,,,,,,,,,,,,,,,,,,,,,,,,,,,Tree cover (Forest),0.05,0.15,0.6,0.15,0.04,0.01,0.0,Quartzite / Schist / Slate,1,100.0,31581.19,0,0.0,0.0,34081.19,0,160.0,310.0,1,1250.0,0.0,1,5000.0,,500.0,0.0,0.0,1.0,0.0,0.0,Open Road,False,False,100.0,COMPLETE
NH44_SEG_051,50,25000.0,25500.0,25250.0,500.0,False,75.304678,33.148483,75.306112,33.152594,75.305631,33.150417,Ramban/Udhampur,100,,,,,,,,,,,,,,,,,,,,,,,,,,,,,,,,,,,,,,,,,,Tree cover (Forest),0.05,0.15,0.6,0.15,0.04,0.01,0.0,Quartzite / Schist / Slate,1,100.0,31801.44,0,0.0,0.0,34301.44,0,170.0,325.0,0,400.0,0.0,1,5000.0,,500.0,0.0,0.0,1.0,0.0,0.0,Open Road,False,False,100.0,COMPLETE
NH44_SEG_052,51,25500.0,26000.0,25750.0,500.0,False,75.306112,33.152594,75.307709,33.156764,75.307001,33.154645,Ramban/Udhampur,100,,,,,,,,,,,,,,,,,,,,,,,,,,,,,,,,,,,,,,,,,,Tree cover (Forest),0.05,0.15,0.6,0.15,0.04,0.01,0.0,Quartzite / Schist / Slate,1,100.0,31439.42,0,0.0,0.0,33939.42,0,180.0,340.0,0,400.0,0.0,1,5000.0,,500.0,0.0,0.0,1.0,0.0,0.0,Open Road,False,False,100.0,COMPLETE
NH44_SEG_053,52,26000.0,26500.0,26250.0,500.0,False,75.307709,33.156764,75.308486,33.160953,75.308226,33.15894,Ramban/Udhampur,100,,,,,,,,,,,,,,,,,,,,,,,,,,,,,,,,,,,,,,,,,,Tree cover (Forest),0.05,0.15,0.6,0.15,0.04,0.01,0.0,Quartzite / Schist / Slate,1,100.0,31144.06,0,0.0,0.0,33644.06,0,190.0,355.0,0,400.0,0.0,1,5000.0,,500.0,0.0,0.0,1.0,0.0,0.0,Open Road,False,False,100.0,COMPLETE
NH44_SEG_054,53,26500.0,27000.0,26750.0,500.0,False,75.308486,33.160953,75.310364,33.16497,75.30939,33.162925,Ramban/Udhampur,100,,,,,,,,,,,,,,,,,,,,,,,,,,,,,,,,,,,,,,,,,,Tree cover (Forest),0.05,0.15,0.6,0.15,0.04,0.01,0.0,Quartzite / Schist / Slate,1,100.0,30784.15,0,0.0,0.0,33284.15,0,200.0,370.0,0,400.0,0.0,1,5000.0,,500.0,0.0,0.0,1.0,0.0,0.0,Open Road,False,False,100.0,COMPLETE
NH44_SEG_055,54,27000.0,27500.0,27250.0,500.0,False,75.310364,33.16497,75.306097,33.167425,75.308093,33.165973,Ramban/Udhampur,100,,,,,,,,,,,,,,,,,,,,,,,,,,,,,,,,,,,,,,,,,,Tree cover (Forest),0.05,0.15,0.6,0.15,0.04,0.01,0.0,Quartzite / Schist / Slate,1,100.0,30773.39,0,0.0,0.0,33273.39,0,210.0,385.0,0,400.0,0.0,1,5000.0,,500.0,0.0,0.0,1.0,0.0,0.0,Open Road,False,False,100.0,COMPLETE
NH44_SEG_056,55,27500.0,28000.0,27750.0,500.0,False,75.306097,33.167425,75.301595,33.169364,75.303998,33.168683,Ramban/Udhampur,100,,,,,,,,,,,,,,,,,,,,,,,,,,,,,,,,,,,,,,,,,,Tree cover (Forest),0.05,0.15,0.6,0.15,0.04,0.01,0.0,Quartzite / Schist / Slate,1,100.0,31005.93,0,0.0,0.0,33505.93,0,220.0,400.0,0,400.0,0.0,1,5000.0,,500.0,0.0,0.0,1.0,0.0,0.0,Open Road,False,False,100.0,COMPLETE
NH44_SEG_057,56,28000.0,28500.0,28250.0,500.0,False,75.301595,33.169364,75.296413,33.169727,75.298941,33.16913,Ramban/Udhampur,100,,,,,,,,,,,,,,,,,,,,,,,,,,,,,,,,,,,,,,,,,,Tree cover (Forest),0.05,0.15,0.6,0.15,0.04,0.01,0.0,Quartzite / Schist / Slate,1,100.0,31360.01,0,0.0,0.0,33860.01,0,230.0,415.0,1,1250.0,0.0,1,5000.0,,0.0,0.0,500.0,0.0,0.0,1.0,Bridge,False,False,100.0,COMPLETE
NH44_SEG_058,57,28500.0,29000.0,28750.0,500.0,False,75.296413,33.169727,75.299406,33.17192,75.297235,33.170957,Ramban/Udhampur,100,,,,,,,,,,,,,,,,,,,,,,,,,,,,,,,,,,,,,,,,,,Tree cover (Forest),0.05,0.15,0.6,0.15,0.04,0.01,0.0,Quartzite / Schist / Slate,1,100.0,31357.81,0,0.0,0.0,33857.81,0,240.0,430.0,0,400.0,0.0,1,5000.0,,500.0,0.0,0.0,1.0,0.0,0.0,Open Road,False,False,100.0,COMPLETE
NH44_SEG_059,58,29000.0,29500.0,29250.0,500.0,False,75.299406,33.17192,75.300206,33.176083,75.300504,33.173949,Ramban/Udhampur,100,,,,,,,,,,,,,,,,,,,,,,,,,,,,,,,,,,,,,,,,,,Tree cover (Forest),0.05,0.15,0.6,0.15,0.04,0.01,0.0,Quartzite / Schist / Slate,2,100.0,31065.9,0,0.0,0.0,33565.9,0,250.0,445.0,0,400.0,0.0,1,5000.0,,500.0,0.0,0.0,1.0,0.0,0.0,Open Road,False,False,100.0,COMPLETE
NH44_SEG_060,59,29500.0,30000.0,29750.0,500.0,False,75.300206,33.176083,75.298272,33.180261,75.299112,33.178142,Ramban/Udhampur,100,,,,,,,,,,,,,,,,,,,,,,,,,,,,,,,,,,,,,,,,,,Tree cover (Forest),0.05,0.15,0.6,0.15,0.04,0.01,0.0,Quartzite / Schist / Slate,2,100.0,31042.77,0,0.0,0.0,33542.77,0,260.0,460.0,0,400.0,0.0,1,5000.0,,500.0,0.0,0.0,1.0,0.0,0.0,Open Road,False,False,100.0,COMPLETE
NH44_SEG_061,60,30000.0,30500.0,30250.0,500.0,False,75.298272,33.180261,75.301346,33.18336,75.299759,33.181786,Ramban/Udhampur,100,,,,,,,,,,,,,,,,,,,,,,,,,,,,,,,,,,,,,,,,,,Tree cover (Forest),0.05,0.15,0.6,0.15,0.04,0.01,0.0,Quartzite / Schist / Slate,2,100.0,30657.9,0,0.0,0.0,33157.9,0,120.0,250.0,0,400.0,0.0,1,5000.0,,500.0,0.0,0.0,1.0,0.0,0.0,Open Road,False,False,100.0,COMPLETE
NH44_SEG_062,61,30500.0,31000.0,30750.0,500.0,False,75.301346,33.18336,75.301066,33.187581,75.301993,33.185487,Ramban/Udhampur,100,,,,,,,,,,,,,,,,,,,,,,,,,,,,,,,,,,,,,,,,,,Tree cover (Forest),0.05,0.15,0.6,0.15,0.04,0.01,0.0,Quartzite / Schist / Slate,1,100.0,30469.0,0,0.0,0.0,32969.0,0,130.0,265.0,0,400.0,0.0,1,5000.0,,500.0,0.0,0.0,1.0,0.0,0.0,Open Road,False,False,100.0,COMPLETE
NH44_SEG_063,62,31000.0,31500.0,31250.0,500.0,False,75.301066,33.187581,75.300134,33.191995,75.300667,33.189808,Ramban/Udhampur,100,,,,,,,,,,,,,,,,,,,,,,,,,,,,,,,,,,,,,,,,,,Tree cover (Forest),0.05,0.15,0.6,0.15,0.04,0.01,0.0,Quartzite / Schist / Slate,1,100.0,30351.76,0,0.0,0.0,32851.76,0,140.0,280.0,0,400.0,0.0,1,5000.0,,500.0,0.0,0.0,1.0,0.0,0.0,Open Road,False,False,100.0,COMPLETE
NH44_SEG_064,63,31500.0,32000.0,31750.0,500.0,False,75.300134,33.191995,75.298095,33.196144,75.299255,33.194115,Ramban/Udhampur,100,,,,,,,,,,,,,,,,,,,,,,,,,,,,,,,,,,,,,,,,,,Tree cover (Forest),0.05,0.15,0.6,0.15,0.04,0.01,0.0,Quartzite / Schist / Slate,1,100.0,30340.72,0,0.0,0.0,32840.72,0,150.0,295.0,1,1250.0,0.0,1,5000.0,,500.0,0.0,0.0,1.0,0.0,0.0,Open Road,False,False,100.0,COMPLETE
NH44_SEG_065,64,32000.0,32500.0,32250.0,500.0,False,75.298095,33.196144,75.294789,33.199588,75.296317,33.197778,Ramban/Udhampur,100,,,,,,,,,,,,,,,,,,,,,,,,,,,,,,,,,,,,,,,,,,Tree cover (Forest),0.05,0.15,0.6,0.15,0.04,0.01,0.0,Quartzite / Schist / Slate,1,100.0,30361.11,0,0.0,0.0,32861.11,0,160.0,310.0,0,400.0,0.0,1,5000.0,,500.0,0.0,0.0,1.0,0.0,0.0,Open Road,False,False,100.0,COMPLETE
NH44_SEG_066,65,32500.0,33000.0,32750.0,500.0,False,75.294789,33.199588,75.291257,33.20277,75.293423,33.201479,Ramban/Udhampur,100,,,,,,,,,,,,,,,,,,,,,,,,,,,,,,,,,,,,,,,,,,Tree cover (Forest),0.05,0.15,0.6,0.15,0.04,0.01,0.0,Quartzite / Schist / Slate,1,100.0,30509.57,0,0.0,0.0,33009.57,0,170.0,325.0,0,400.0,0.0,1,5000.0,,500.0,0.0,0.0,1.0,0.0,0.0,Open Road,False,False,100.0,COMPLETE
NH44_SEG_067,66,33000.0,33500.0,33250.0,500.0,False,75.291257,33.20277,75.286581,33.204788,75.289055,33.203922,Ramban/Udhampur,100,,,,,,,,,,,,,,,,,,,,,,,,,,,,,,,,,,,,,,,,,,Tree cover (Forest),0.05,0.15,0.6,0.15,0.04,0.01,0.0,Quartzite / Schist / Slate,1,100.0,30717.83,0,0.0,0.0,33217.83,0,180.0,340.0,0,400.0,0.0,1,5000.0,,500.0,0.0,0.0,1.0,0.0,0.0,Open Road,False,False,100.0,COMPLETE
NH44_SEG_068,67,33500.0,34000.0,33750.0,500.0,False,75.286581,33.204788,75.281607,33.206212,75.284026,33.205364,Ramban/Udhampur,100,,,,,,,,,,,,,,,,,,,,,,,,,,,,,,,,,,,,,,,,,,Tree cover (Forest),0.05,0.15,0.6,0.15,0.04,0.01,0.0,Quartzite / Schist / Slate,1,100.0,31067.18,0,0.0,0.0,33567.18,0,190.0,355.0,0,400.0,0.0,1,5000.0,,500.0,0.0,0.0,1.0,0.0,0.0,Open Road,False,False,100.0,COMPLETE
NH44_SEG_069,68,34000.0,34500.0,34250.0,500.0,False,75.281607,33.206212,75.277461,33.208854,75.279299,33.207261,Ramban/Udhampur,100,,,,,,,,,,,,,,,,,,,,,,,,,,,,,,,,,,,,,,,,,,Tree cover (Forest),0.05,0.15,0.6,0.15,0.04,0.01,0.0,Quartzite / Schist / Slate,1,100.0,31442.06,0,0.0,0.0,33942.06,0,200.0,370.0,0,400.0,0.0,1,5000.0,,500.0,0.0,0.0,1.0,0.0,0.0,Open Road,False,False,100.0,COMPLETE
NH44_SEG_070,69,34500.0,35000.0,34750.0,500.0,False,75.277461,33.208854,75.273471,33.211759,75.27538,33.210224,Ramban/Udhampur,100,,,,,,,,,,,,,,,,,,,,,,,,,,,,,,,,,,,,,,,,,,Tree cover (Forest),0.05,0.15,0.6,0.15,0.04,0.01,0.0,Quartzite / Schist / Slate,1,100.0,31701.04,0,0.0,0.0,34201.04,0,210.0,385.0,0,400.0,0.0,1,5000.0,,500.0,0.0,0.0,1.0,0.0,0.0,Open Road,False,False,100.0,COMPLETE
NH44_SEG_071,70,35000.0,35500.0,35250.0,500.0,False,75.273471,33.211759,75.272779,33.21518,75.272775,33.21348,Ramban/Udhampur,100,,,,,,,,,,,,,,,,,,,,,,,,,,,,,,,,,,,,,,,,,,Tree cover (Forest),0.05,0.15,0.6,0.15,0.04,0.01,0.0,Quartzite / Schist / Slate,1,100.0,31887.74,0,0.0,0.0,34387.74,0,220.0,400.0,1,1250.0,0.0,1,5000.0,,500.0,0.0,0.0,1.0,0.0,0.0,Open Road,False,False,100.0,COMPLETE
NH44_SEG_072,71,35500.0,36000.0,35750.0,500.0,False,75.272779,33.21518,75.270725,33.218853,75.272475,33.217418,Ramban/Udhampur,100,,,,,,,,,,,,,,,,,,,,,,,,,,,,,,,,,,,,,,,,,,Tree cover (Forest),0.05,0.15,0.6,0.15,0.04,0.01,0.0,Quartzite / Schist / Slate,1,100.0,31862.99,0,0.0,0.0,34362.99,0,230.0,415.0,0,400.0,0.0,1,5000.0,,500.0,0.0,0.0,1.0,0.0,0.0,Open Road,False,False,100.0,COMPLETE
NH44_SEG_073,72,36000.0,36500.0,36250.0,500.0,False,75.270725,33.218853,75.268028,33.222603,75.26958,33.22077,Ramban/Udhampur,100,,,,,,,,,,,,,,,,,,,,,,,,,,,,,,,,,,,,,,,,,,Tree cover (Forest),0.05,0.15,0.6,0.15,0.04,0.01,0.0,Quartzite / Schist / Slate,1,100.0,31997.74,0,0.0,0.0,34497.74,0,240.0,430.0,0,400.0,0.0,1,5000.0,,500.0,0.0,0.0,1.0,0.0,0.0,Open Road,False,False,100.0,COMPLETE
NH44_SEG_074,73,36500.0,37000.0,36750.0,500.0,False,75.268028,33.222603,75.264084,33.224487,75.266527,33.224456,Ramban/Udhampur,100,,,,,,,,,,,,,,,,,,,,,,,,,,,,,,,,,,,,,,,,,,Tree cover (Forest),0.05,0.15,0.6,0.15,0.04,0.01,0.0,Quartzite / Schist / Slate,1,100.0,32119.74,0,0.0,0.0,34619.74,0,250.0,445.0,0,400.0,0.0,1,5000.0,,500.0,0.0,0.0,1.0,0.0,0.0,Open Road,False,False,100.0,COMPLETE
NH44_SEG_075,74,37000.0,37500.0,37250.0,500.0,False,75.264084,33.224487,75.258793,33.224966,75.261437,33.224756,Ramban/Udhampur,100,,,,,,,,,,,,,,,,,,,,,,,,,,,,,,,,,,,,,,,,,,Tree cover (Forest),0.05,0.15,0.6,0.15,0.04,0.01,0.0,Quartzite / Schist / Slate,1,100.0,32469.76,0,0.0,0.0,34969.76,0,260.0,460.0,0,400.0,0.0,1,5000.0,,500.0,0.0,0.0,1.0,0.0,0.0,Open Road,False,False,100.0,COMPLETE
NH44_SEG_076,75,37500.0,38000.0,37750.0,500.0,False,75.258793,33.224966,75.25444,33.227556,75.256539,33.226162,Ramban/Udhampur,100,,,,,,,,,,,,,,,,,,,,,,,,,,,,,,,,,,,,,,,,,,Tree cover (Forest),0.05,0.15,0.6,0.15,0.04,0.01,0.0,Quartzite / Schist / Slate,1,100.0,32925.7,0,0.0,0.0,35425.7,0,120.0,250.0,0,400.0,0.0,1,5000.0,,500.0,0.0,0.0,1.0,0.0,0.0,Open Road,False,False,100.0,COMPLETE
NH44_SEG_077,76,38000.0,38500.0,38250.0,500.0,False,75.25444,33.227556,75.251011,33.230974,75.252567,33.229164,Ramban/Udhampur,100,,,,,,,,,,,,,,,,,,,,,,,,,,,,,,,,,,,,,,,,,,Tree cover (Forest),0.05,0.15,0.6,0.15,0.04,0.01,0.0,Quartzite / Schist / Slate,1,100.0,33225.19,0,0.0,0.0,35725.19,0,130.0,265.0,0,400.0,0.0,1,5000.0,,500.0,0.0,0.0,1.0,0.0,0.0,Open Road,False,False,100.0,COMPLETE
NH44_SEG_078,77,38500.0,39000.0,38750.0,500.0,False,75.251011,33.230974,75.247332,33.234228,75.249029,33.232486,Ramban/Udhampur,100,,,,,,,,,,,,,,,,,,,,,,,,,,,,,,,,,,,,,,,,,,Tree cover (Forest),0.05,0.15,0.6,0.15,0.04,0.01,0.0,Quartzite / Schist / Slate,2,100.0,33448.79,0,0.0,0.0,35948.79,0,140.0,280.0,1,1250.0,0.0,1,5000.0,,500.0,0.0,0.0,1.0,0.0,0.0,Open Road,False,False,100.0,COMPLETE
NH44_SEG_079,78,39000.0,39500.0,39250.0,500.0,False,75.247332,33.234228,75.242614,33.236056,75.2452,33.235571,Ramban/Udhampur,100,,,,,,,,,,,,,,,,,,,,,,,,,,,,,,,,,,,,,,,,,,Tree cover (Forest),0.05,0.15,0.6,0.15,0.04,0.01,0.0,Quartzite / Schist / Slate,1,100.0,33700.85,0,0.0,0.0,36200.85,0,150.0,295.0,0,400.0,0.0,1,5000.0,,500.0,0.0,0.0,1.0,0.0,0.0,Open Road,False,False,100.0,COMPLETE
NH44_SEG_080,79,39500.0,40000.0,39750.0,500.0,False,75.242614,33.236056,75.238978,33.238912,75.240308,33.236959,Ramban/Udhampur,100,,,,,,,,,,,,,,,,,,,,,,,,,,,,,,,,,,,,,,,,,,Tree cover (Forest),0.05,0.15,0.6,0.15,0.04,0.01,0.0,Quartzite / Schist / Slate,1,100.0,34150.67,0,0.0,0.0,36650.67,0,160.0,310.0,0,400.0,0.0,1,5000.0,,500.0,0.0,0.0,1.0,0.0,0.0,Open Road,False,False,100.0,COMPLETE
NH44_SEG_081,80,40000.0,40500.0,40250.0,500.0,False,75.238978,33.238912,75.234521,33.241156,75.237062,33.240438,Ramban/Udhampur,100,,,,,,,,,,,,,,,,,,,,,,,,,,,,,,,,,,,,,,,,,,Tree cover (Forest),0.05,0.15,0.6,0.15,0.04,0.01,0.0,Quartzite / Schist / Slate,1,100.0,34360.14,0,0.0,0.0,36860.14,0,170.0,325.0,0,400.0,0.0,1,5000.0,,500.0,0.0,0.0,1.0,0.0,0.0,Open Road,False,False,100.0,COMPLETE
NH44_SEG_082,81,40500.0,41000.0,40750.0,500.0,False,75.234521,33.241156,75.229594,33.241907,75.232141,33.242139,Ramban/Udhampur,100,,,,,,,,,,,,,,,,,,,,,,,,,,,,,,,,,,,,,,,,,,Tree cover (Forest),0.05,0.15,0.6,0.15,0.04,0.01,0.0,Quartzite / Schist / Slate,1,100.0,34216.6,0,0.0,0.0,36716.6,0,180.0,340.0,0,400.0,0.0,1,5000.0,,500.0,0.0,0.0,1.0,0.0,0.0,Open Road,False,False,100.0,COMPLETE
NH44_SEG_083,82,41000.0,41500.0,41250.0,500.0,False,75.229594,33.241907,75.225808,33.243967,75.227511,33.242312,Ramban/Udhampur,100,,,,,,,,,,,,,,,,,,,,,,,,,,,,,,,,,,,,,,,,,,Tree cover (Forest),0.05,0.15,0.6,0.15,0.04,0.01,0.0,Quartzite / Schist / Slate,1,100.0,34060.43,0,0.0,0.0,36560.43,0,190.0,355.0,0,400.0,0.0,1,5000.0,,500.0,0.0,0.0,1.0,0.0,0.0,Open Road,False,False,100.0,COMPLETE
NH44_SEG_084,83,41500.0,42000.0,41750.0,500.0,False,75.225808,33.243967,75.220752,33.244884,75.223415,33.244981,Ramban/Udhampur,100,,,,,,,,,,,,,,,,,,,,,,,,,,,,,,,,,,,,,,,,,,Tree cover (Forest),0.05,0.15,0.6,0.15,0.04,0.01,0.0,Quartzite / Schist / Slate,1,100.0,33994.93,0,0.0,0.0,36494.93,0,200.0,370.0,0,400.0,0.0,1,5000.0,,500.0,0.0,0.0,1.0,0.0,0.0,Open Road,False,False,100.0,COMPLETE
NH44_SEG_085,84,42000.0,42500.0,42250.0,500.0,False,75.220752,33.244884,75.216229,33.24693,75.218511,33.245778,Ramban/Udhampur,100,,,,,,,,,,,,,,,,,,,,,,,,,,,,,,,,,,,,,,,,,,Tree cover (Forest),0.05,0.15,0.6,0.15,0.04,0.01,0.0,Quartzite / Schist / Slate,1,100.0,33946.08,0,0.0,0.0,36446.08,0,210.0,385.0,1,1250.0,0.0,1,5000.0,,500.0,0.0,0.0,1.0,0.0,0.0,Open Road,False,False,100.0,COMPLETE
NH44_SEG_086,85,42500.0,43000.0,42750.0,500.0,False,75.216229,33.24693,75.211922,33.249505,75.213889,33.247992,Ramban/Udhampur,100,,,,,,,,,,,,,,,,,,,,,,,,,,,,,,,,,,,,,,,,,,Tree cover (Forest),0.05,0.15,0.6,0.15,0.04,0.01,0.0,Quartzite / Schist / Slate,2,100.0,33921.47,0,0.0,0.0,36421.47,0,220.0,400.0,0,400.0,0.0,1,5000.0,,0.0,0.0,500.0,0.0,0.0,1.0,Bridge,False,False,100.0,COMPLETE
NH44_SEG_087,86,43000.0,43500.0,43250.0,500.0,False,75.211922,33.249505,75.208202,33.252675,75.209978,33.251041,Ramban/Udhampur,100,,,,,,,,,,,,,,,,,,,,,,,,,,,,,,,,,,,,,,,,,,Tree cover (Forest),0.05,0.15,0.6,0.15,0.04,0.01,0.0,Quartzite / Schist / Slate,2,100.0,33971.21,0,0.0,0.0,36471.21,0,230.0,415.0,0,400.0,0.0,1,5000.0,,500.0,0.0,0.0,1.0,0.0,0.0,Open Road,False,False,100.0,COMPLETE
NH44_SEG_088,87,43500.0,44000.0,43750.0,500.0,False,75.208202,33.252675,75.205844,33.25645,75.206387,33.254243,Ramban/Udhampur,100,,,,,,,,,,,,,,,,,,,,,,,,,,,,,,,,,,,,,,,,,,Tree cover (Forest),0.05,0.15,0.6,0.15,0.04,0.01,0.0,Quartzite / Schist / Slate,1,100.0,34082.07,0,0.0,0.0,36582.07,0,240.0,430.0,0,400.0,0.0,1,5000.0,,500.0,0.0,0.0,1.0,0.0,0.0,Open Road,False,False,100.0,COMPLETE
NH44_SEG_089,88,44000.0,44500.0,44250.0,500.0,False,75.205844,33.25645,75.201324,33.25623,75.203747,33.256666,Ramban/Udhampur,100,,,,,,,,,,,,,,,,,,,,,,,,,,,,,,,,,,,,,,,,,,Tree cover (Forest),0.05,0.15,0.6,0.15,0.04,0.01,0.0,Quartzite / Schist / Slate,1,100.0,34111.82,0,0.0,0.0,36611.82,0,250.0,445.0,0,400.0,0.0,1,5000.0,,500.0,0.0,0.0,1.0,0.0,0.0,Open Road,False,False,100.0,COMPLETE
NH44_SEG_090,89,44500.0,45000.0,44750.0,500.0,False,75.201324,33.25623,75.197537,33.258978,75.199364,33.257422,Ramban/Udhampur,100,,,,,,,,,,,,,,,,,,,,,,,,,,,,,,,,,,,,,,,,,,Tree cover (Forest),0.05,0.15,0.6,0.15,0.04,0.01,0.0,Quartzite / Schist / Slate,1,100.0,34055.92,0,0.0,0.0,36555.92,0,260.0,460.0,0,400.0,0.0,1,5000.0,,500.0,0.0,0.0,1.0,0.0,0.0,Open Road,False,False,100.0,COMPLETE
NH44_SEG_091,90,45000.0,45500.0,45250.0,500.0,False,75.197537,33.258978,75.193205,33.258624,75.195262,33.258187,Ramban/Udhampur,100,,,,,,,,,,,,,,,,,,,,,,,,,,,,,,,,,,,,,,,,,,Tree cover (Forest),0.05,0.15,0.6,0.15,0.04,0.01,0.0,Quartzite / Schist / Slate,1,100.0,33958.63,0,0.0,0.0,36458.63,0,120.0,250.0,0,400.0,0.0,1,5000.0,,500.0,0.0,0.0,1.0,0.0,0.0,Open Road,False,False,100.0,COMPLETE
NH44_SEG_092,91,45500.0,46000.0,45750.0,500.0,False,75.193205,33.258624,75.191546,33.262582,75.191715,33.260405,Ramban/Udhampur,100,,,,,,,,,,,,,,,,,,,,,,,,,,,,,,,,,,,,,,,,,,Tree cover (Forest),0.05,0.15,0.6,0.15,0.04,0.01,0.0,Quartzite / Schist / Slate,1,100.0,33958.79,0,0.0,0.0,36458.79,0,130.0,265.0,1,1250.0,0.0,1,5000.0,,500.0,0.0,0.0,1.0,0.0,0.0,Open Road,False,False,100.0,COMPLETE
NH44_SEG_093,92,46000.0,46500.0,46250.0,500.0,False,75.191546,33.262582,75.186934,33.264208,75.189093,33.263169,Ramban/Udhampur,100,,,,,,,,,,,,,,,,,,,,,,,,,,,,,,,,,,,,,,,,,,Tree cover (Forest),0.05,0.15,0.6,0.15,0.04,0.01,0.0,Quartzite / Schist / Slate,1,100.0,34184.52,0,0.0,0.0,36684.52,0,140.0,280.0,0,400.0,0.0,1,5000.0,,500.0,0.0,0.0,1.0,0.0,0.0,Open Road,False,False,100.0,COMPLETE
NH44_SEG_094,93,46500.0,47000.0,46750.0,500.0,False,75.186934,33.264208,75.18272,33.266305,75.184709,33.265329,Ramban/Udhampur,100,,,,,,,,,,,,,,,,,,,,,,,,,,,,,,,,,,,,,,,,,,Tree cover (Forest),0.05,0.15,0.6,0.15,0.04,0.01,0.0,Quartzite / Schist / Slate,1,100.0,34209.03,0,0.0,0.0,36709.03,0,150.0,295.0,0,400.0,0.0,1,5000.0,,500.0,0.0,0.0,1.0,0.0,0.0,Open Road,False,False,100.0,COMPLETE
NH44_SEG_095,94,47000.0,47500.0,47250.0,500.0,False,75.18272,33.266305,75.180309,33.267657,75.182653,33.268399,Ramban/Udhampur,100,,,,,,,,,,,,,,,,,,,,,,,,,,,,,,,,,,,,,,,,,,Tree cover (Forest),0.05,0.15,0.6,0.15,0.04,0.01,0.0,Quartzite / Schist / Slate,1,100.0,34302.2,0,0.0,0.0,36802.2,0,160.0,310.0,0,400.0,0.0,1,5000.0,,500.0,0.0,0.0,1.0,0.0,0.0,Open Road,False,False,100.0,COMPLETE
NH44_SEG_096,95,47500.0,48000.0,47750.0,500.0,False,75.180309,33.267657,75.175608,33.268715,75.177979,33.268503,Ramban/Udhampur,100,,,,,,,,,,,,,,,,,,,,,,,,,,,,,,,,,,,,,,,,,,Tree cover (Forest),0.05,0.15,0.6,0.15,0.04,0.01,0.0,Quartzite / Schist / Slate,1,100.0,34251.38,0,0.0,0.0,36751.38,0,170.0,325.0,0,400.0,0.0,1,5000.0,,500.0,0.0,0.0,1.0,0.0,0.0,Open Road,False,False,100.0,COMPLETE
NH44_SEG_097,96,48000.0,48500.0,48250.0,500.0,False,75.175608,33.268715,75.176406,33.27199,75.175145,33.270506,Ramban/Udhampur,100,,,,,,,,,,,,,,,,,,,,,,,,,,,,,,,,,,,,,,,,,,Tree cover (Forest),0.05,0.15,0.6,0.15,0.04,0.01,0.0,Quartzite / Schist / Slate,1,100.0,34183.22,0,0.0,0.0,36683.22,0,180.0,340.0,0,400.0,0.0,1,5000.0,,500.0,0.0,0.0,1.0,0.0,0.0,Open Road,False,False,100.0,COMPLETE
NH44_SEG_098,97,48500.0,49000.0,48750.0,500.0,False,75.176406,33.27199,75.176871,33.27597,75.176452,33.274019,Ramban/Udhampur,100,,,,,,,,,,,,,,,,,,,,,,,,,,,,,,,,,,,,,,,,,,Tree cover (Forest),0.05,0.15,0.6,0.15,0.04,0.01,0.0,Quartzite / Schist / Slate,1,100.0,34519.78,0,0.0,0.0,37019.78,0,190.0,355.0,0,400.0,0.0,1,5000.0,,500.0,0.0,0.0,1.0,0.0,0.0,Open Road,False,False,100.0,COMPLETE
NH44_SEG_099,98,49000.0,49500.0,49250.0,500.0,False,75.176871,33.27597,75.18006,33.278136,75.179337,33.276421,Ramban/Udhampur,100,,,,,,,,,,,,,,,,,,,,,,,,,,,,,,,,,,,,,,,,,,Tree cover (Forest),0.05,0.15,0.6,0.15,0.04,0.01,0.0,Quartzite / Schist / Slate,1,100.0,34878.59,0,0.0,0.0,37378.59,0,200.0,370.0,1,1250.0,0.0,1,5000.0,,500.0,0.0,0.0,1.0,0.0,0.0,Open Road,False,False,100.0,COMPLETE
NH44_SEG_100,99,49500.0,50000.0,49750.0,500.0,False,75.18006,33.278136,75.178934,33.28125,75.180496,33.279944,Ramban/Udhampur,100,,,,,,,,,,,,,,,,,,,,,,,,,,,,,,,,,,,,,,,,,,Tree cover (Forest),0.05,0.15,0.6,0.15,0.04,0.01,0.0,Quartzite / Schist / Slate,1,100.0,35176.78,0,0.0,0.0,37676.78,0,210.0,385.0,0,400.0,0.0,1,5000.0,,500.0,0.0,0.0,1.0,0.0,0.0,Open Road,False,False,100.0,COMPLETE
NH44_SEG_101,100,50000.0,50500.0,50250.0,500.0,False,75.178934,33.28125,75.17868,33.284322,75.178823,33.283142,Ramban/Udhampur,100,,,,,,,,,,,,,,,,,,,,,,,,,,,,,,,,,,,,,,,,,,Tree cover (Forest),0.05,0.15,0.6,0.15,0.04,0.01,0.0,Quartzite / Schist / Slate,1,100.0,35275.53,0,0.0,0.0,37775.53,0,220.0,400.0,0,400.0,0.0,1,5000.0,,500.0,0.0,0.0,1.0,0.0,0.0,Open Road,False,False,100.0,COMPLETE
NH44_SEG_102,101,50500.0,51000.0,50750.0,500.0,False,75.17868,33.284322,75.176837,33.286432,75.176238,33.284546,Ramban/Udhampur,100,,,,,,,,,,,,,,,,,,,,,,,,,,,,,,,,,,,,,,,,,,Tree cover (Forest),0.05,0.15,0.6,0.15,0.04,0.01,0.0,Quartzite / Schist / Slate,1,100.0,35294.73,0,0.0,0.0,37794.73,0,230.0,415.0,0,400.0,0.0,1,5000.0,,500.0,0.0,0.0,1.0,0.0,0.0,Open Road,False,False,100.0,COMPLETE
NH44_SEG_103,102,51000.0,51500.0,51250.0,500.0,False,75.176837,33.286432,75.177512,33.290517,75.177939,33.288416,Ramban/Udhampur,100,,,,,,,,,,,,,,,,,,,,,,,,,,,,,,,,,,,,,,,,,,Tree cover (Forest),0.05,0.15,0.6,0.15,0.04,0.01,0.0,Quartzite / Schist / Slate,1,100.0,35551.78,0,0.0,0.0,38051.78,0,240.0,430.0,0,400.0,0.0,1,5000.0,,500.0,0.0,0.0,1.0,0.0,0.0,Open Road,False,False,100.0,COMPLETE
NH44_SEG_104,103,51500.0,52000.0,51750.0,500.0,False,75.177512,33.290517,75.176178,33.294431,75.176845,33.292312,Ramban/Udhampur,100,,,,,,,,,,,,,,,,,,,,,,,,,,,,,,,,,,,,,,,,,,Tree cover (Forest),0.05,0.15,0.6,0.15,0.04,0.01,0.0,Quartzite / Schist / Slate,1,100.0,35786.89,0,0.0,0.0,38286.89,0,250.0,445.0,0,400.0,0.0,1,5000.0,,500.0,0.0,0.0,1.0,0.0,0.0,Open Road,False,False,100.0,COMPLETE
NH44_SEG_105,104,52000.0,52500.0,52250.0,500.0,False,75.176178,33.294431,75.17797,33.295736,75.175883,33.296416,Ramban/Udhampur,100,,,,,,,,,,,,,,,,,,,,,,,,,,,,,,,,,,,,,,,,,,Tree cover (Forest),0.05,0.15,0.6,0.15,0.04,0.01,0.0,Quartzite / Schist / Slate,1,100.0,35982.62,0,0.0,0.0,38482.62,0,260.0,460.0,0,400.0,0.0,1,5000.0,,500.0,0.0,0.0,1.0,0.0,0.0,Open Road,False,False,100.0,COMPLETE
NH44_SEG_106,105,52500.0,53000.0,52750.0,500.0,False,75.17797,33.295736,75.182967,33.295634,75.180405,33.296039,Ramban/Udhampur,100,,,,,,,,,,,,,,,,,,,,,,,,,,,,,,,,,,,,,,,,,,Tree cover (Forest),0.05,0.15,0.6,0.15,0.04,0.01,0.0,Quartzite / Schist / Slate,2,100.0,36242.55,0,0.0,0.0,38742.55,0,120.0,250.0,1,1250.0,0.0,1,5000.0,,500.0,0.0,0.0,1.0,0.0,0.0,Open Road,False,False,100.0,COMPLETE
NH44_SEG_107,106,53000.0,53500.0,53250.0,500.0,False,75.182967,33.295634,75.18075,33.298724,75.181795,33.29682,Ramban/Udhampur,100,,,,,,,,,,,,,,,,,,,,,,,,,,,,,,,,,,,,,,,,,,Tree cover (Forest),0.05,0.15,0.6,0.15,0.04,0.01,0.0,Quartzite / Schist / Slate,3,100.0,36561.02,0,0.0,0.0,39061.02,0,130.0,265.0,0,400.0,0.0,1,5000.0,,500.0,0.0,0.0,1.0,0.0,0.0,Open Road,False,False,100.0,COMPLETE
NH44_SEG_108,107,53500.0,54000.0,53750.0,500.0,False,75.18075,33.298724,75.182426,33.302938,75.181484,33.300866,Ramban/Udhampur,100,,,,,,,,,,,,,,,,,,,,,,,,,,,,,,,,,,,,,,,,,,Tree cover (Forest),0.05,0.15,0.6,0.15,0.04,0.01,0.0,Quartzite / Schist / Slate,2,100.0,36680.97,0,0.0,0.0,39180.97,0,140.0,280.0,0,400.0,0.0,1,5000.0,,500.0,0.0,0.0,1.0,0.0,0.0,Open Road,False,False,100.0,COMPLETE
NH44_SEG_109,108,54000.0,54500.0,54250.0,500.0,False,75.182426,33.302938,75.181032,33.306986,75.182362,33.305088,Ramban/Udhampur,100,,,,,,,,,,,,,,,,,,,,,,,,,,,,,,,,,,,,,,,,,,Tree cover (Forest),0.05,0.15,0.6,0.15,0.04,0.01,0.0,Quartzite / Schist / Slate,1,100.0,37090.99,0,0.0,0.0,39590.99,0,150.0,295.0,0,400.0,0.0,1,5000.0,,500.0,0.0,0.0,1.0,0.0,0.0,Open Road,False,False,100.0,COMPLETE
NH44_SEG_110,109,54500.0,55000.0,54750.0,500.0,False,75.181032,33.306986,75.184285,33.30981,75.181956,33.308773,Ramban/Udhampur,100,,,,,,,,,,,,,,,,,,,,,,,,,,,,,,,,,,,,,,,,,,Tree cover (Forest),0.05,0.15,0.6,0.15,0.04,0.01,0.0,Quartzite / Schist / Slate,2,100.0,37255.37,0,0.0,0.0,39755.37,0,160.0,310.0,0,400.0,0.0,1,5000.0,,500.0,0.0,0.0,1.0,0.0,0.0,Open Road,False,False,100.0,COMPLETE
NH44_SEG_111,110,55000.0,55500.0,55250.0,500.0,False,75.184285,33.30981,75.186466,33.313311,75.185996,33.31141,Ramban/Udhampur,100,,,,,,,,,,,,,,,,,,,,,,,,,,,,,,,,,,,,,,,,,,Tree cover (Forest),0.05,0.15,0.6,0.15,0.04,0.01,0.0,Quartzite / Schist / Slate,1,100.0,37719.97,0,0.0,0.0,40219.97,0,170.0,325.0,0,400.0,0.0,1,5000.0,,500.0,0.0,0.0,1.0,0.0,0.0,Open Road,False,False,100.0,COMPLETE
NH44_SEG_112,111,55500.0,56000.0,55750.0,500.0,False,75.186466,33.313311,75.190878,33.312438,75.188585,33.312718,Ramban/Udhampur,100,,,,,,,,,,,,,,,,,,,,,,,,,,,,,,,,,,,,,,,,,,Tree cover (Forest),0.05,0.15,0.6,0.15,0.04,0.01,0.0,Quartzite / Schist / Slate,1,100.0,38120.49,0,0.0,0.0,40620.49,0,180.0,340.0,0,400.0,0.0,1,5000.0,,500.0,0.0,0.0,1.0,0.0,0.0,Open Road,False,False,100.0,COMPLETE
NH44_SEG_113,112,56000.0,56500.0,56250.0,500.0,False,75.190878,33.312438,75.193498,33.316194,75.192016,33.314337,Ramban/Udhampur,100,,,,,,,,,,,,,,,,,,,,,,,,,,,,,,,,,,,,,,,,,,Tree cover (Forest),0.05,0.15,0.6,0.15,0.04,0.01,0.0,Quartzite / Schist / Slate,1,100.0,38045.52,0,0.0,0.0,40545.52,0,190.0,355.0,1,1250.0,0.0,1,5000.0,,500.0,0.0,0.0,1.0,0.0,0.0,Open Road,False,False,100.0,COMPLETE
NH44_SEG_114,113,56500.0,57000.0,56750.0,500.0,False,75.193498,33.316194,75.196567,33.319893,75.195018,33.318051,Ramban/Udhampur,100,,,,,,,,,,,,,,,,,,,,,,,,,,,,,,,,,,,,,,,,,,Tree cover (Forest),0.05,0.15,0.6,0.15,0.04,0.01,0.0,Quartzite / Schist / Slate,1,100.0,37789.57,0,0.0,0.0,40289.57,0,200.0,370.0,0,400.0,0.0,1,5000.0,,500.0,0.0,0.0,1.0,0.0,0.0,Open Road,False,False,100.0,COMPLETE
NH44_SEG_115,114,57000.0,57500.0,57250.0,500.0,False,75.196567,33.319893,75.199032,33.323756,75.198164,33.321701,Ramban/Udhampur,100,,,,,,,,,,,,,,,,,,,,,,,,,,,,,,,,,,,,,,,,,,Tree cover (Forest),0.05,0.15,0.6,0.15,0.04,0.01,0.0,Quartzite / Schist / Slate,1,100.0,37577.93,0,0.0,0.0,40077.93,0,210.0,385.0,0,400.0,0.0,1,5000.0,,500.0,0.0,0.0,1.0,0.0,0.0,Open Road,False,False,100.0,COMPLETE
NH44_SEG_116,115,57500.0,58000.0,57750.0,500.0,False,75.199032,33.323756,75.199662,33.328146,75.199074,33.32597,Ramban/Udhampur,100,,,,,,,,,,,,,,,,,,,,,,,,,,,,,,,,,,,,,,,,,,Tree cover (Forest),0.05,0.15,0.6,0.15,0.04,0.01,0.0,Quartzite / Schist / Slate,1,100.0,37554.65,0,0.0,0.0,40054.65,0,220.0,400.0,0,400.0,0.0,1,5000.0,,500.0,0.0,0.0,1.0,0.0,0.0,Open Road,False,False,100.0,COMPLETE
NH44_SEG_117,116,58000.0,58500.0,58250.0,500.0,False,75.199662,33.328146,75.199946,33.332307,75.200053,33.330305,Ramban/Udhampur,100,,,,,,,,,,,,,,,,,,,,,,,,,,,,,,,,,,,,,,,,,,Tree cover (Forest),0.05,0.15,0.6,0.15,0.04,0.01,0.0,Quartzite / Schist / Slate,2,100.0,37512.67,0,0.0,0.0,40012.67,0,230.0,415.0,0,400.0,0.0,1,5000.0,,500.0,0.0,0.0,1.0,0.0,0.0,Open Road,False,False,100.0,COMPLETE
NH44_SEG_118,117,58500.0,59000.0,58750.0,500.0,False,75.199946,33.332307,75.195987,33.335129,75.197965,33.333695,Ramban/Udhampur,100,,,,,,,,,,,,,,,,,,,,,,,,,,,,,,,,,,,,,,,,,,Tree cover (Forest),0.05,0.15,0.6,0.15,0.04,0.01,0.0,Quartzite / Schist / Slate,2,100.0,37609.16,0,0.0,0.0,40109.16,0,240.0,430.0,0,400.0,0.0,1,5000.0,,500.0,0.0,0.0,1.0,0.0,0.0,Open Road,False,False,100.0,COMPLETE
NH44_SEG_119,118,59000.0,59500.0,59250.0,500.0,False,75.195987,33.335129,75.191453,33.33649,75.193649,33.335971,Ramban/Udhampur,100,,,,,,,,,,,,,,,,,,,,,,,,,,,,,,,,,,,,,,,,,,Tree cover (Forest),0.05,0.15,0.6,0.15,0.04,0.01,0.0,Quartzite / Schist / Slate,2,100.0,38005.41,0,0.0,0.0,40505.41,0,250.0,445.0,0,400.0,0.0,1,5000.0,,500.0,0.0,0.0,1.0,0.0,0.0,Open Road,False,False,100.0,COMPLETE
NH44_SEG_120,119,59500.0,60000.0,59750.0,500.0,False,75.191453,33.33649,75.190213,33.33985,75.192114,33.338493,Ramban/Udhampur,100,,,,,,,,,,,,,,,,,,,,,,,,,,,,,,,,,,,,,,,,,,Tree cover (Forest),0.05,0.15,0.6,0.15,0.04,0.01,0.0,Quartzite / Schist / Slate,2,100.0,38370.98,0,0.0,0.0,40870.98,0,260.0,460.0,1,1250.0,0.0,1,5000.0,,500.0,0.0,0.0,1.0,0.0,0.0,Open Road,False,False,100.0,COMPLETE
NH44_SEG_121,120,60000.0,60500.0,60250.0,500.0,False,75.190213,33.33985,75.186439,33.342869,75.188125,33.341146,Ramban/Udhampur,100,,,,,,,,,,,,,,,,,,,,,,,,,,,,,,,,,,,,,,,,,,Tree cover (Forest),0.05,0.15,0.6,0.15,0.04,0.01,0.0,Quartzite / Schist / Slate,2,100.0,38670.36,0,0.0,0.0,41170.36,0,120.0,250.0,0,400.0,0.0,1,5000.0,,500.0,0.0,0.0,1.0,0.0,0.0,Open Road,False,False,100.0,COMPLETE
NH44_SEG_122,121,60500.0,61000.0,60750.0,500.0,False,75.186439,33.342869,75.182658,33.345767,75.184712,33.344575,Ramban/Udhampur,100,,,,,,,,,,,,,,,,,,,,,,,,,,,,,,,,,,,,,,,,,,Tree cover (Forest),0.05,0.15,0.6,0.15,0.04,0.01,0.0,Quartzite / Schist / Slate,2,100.0,38997.45,0,0.0,0.0,41497.45,0,130.0,265.0,0,400.0,0.0,1,5000.0,,500.0,0.0,0.0,1.0,0.0,0.0,Open Road,False,False,100.0,COMPLETE
NH44_SEG_123,122,61000.0,61500.0,61250.0,500.0,False,75.182658,33.345767,75.178976,33.3486,75.180627,33.347137,Ramban/Udhampur,100,,,,,,,,,,,,,,,,,,,,,,,,,,,,,,,,,,,,,,,,,,Tree cover (Forest),0.05,0.15,0.6,0.15,0.04,0.01,0.0,Quartzite / Schist / Slate,2,100.0,39432.08,0,0.0,0.0,41932.08,0,140.0,280.0,0,400.0,0.0,1,5000.0,,500.0,0.0,0.0,1.0,0.0,0.0,Open Road,False,False,100.0,COMPLETE
NH44_SEG_124,123,61500.0,62000.0,61750.0,500.0,False,75.178976,33.3486,75.177753,33.351454,75.179889,33.350623,Ramban/Udhampur,100,,,,,,,,,,,,,,,,,,,,,,,,,,,,,,,,,,,,,,,,,,Tree cover (Forest),0.05,0.15,0.6,0.15,0.04,0.01,0.0,Quartzite / Schist / Slate,3,100.0,39670.66,0,0.0,0.0,42170.66,0,150.0,295.0,0,400.0,0.0,1,5000.0,,500.0,0.0,0.0,1.0,0.0,0.0,Open Road,False,False,100.0,COMPLETE
NH44_SEG_125,124,62000.0,62500.0,62250.0,500.0,False,75.177753,33.351454,75.173026,33.353083,75.175277,33.352093,Ramban/Udhampur,100,,,,,,,,,,,,,,,,,,,,,,,,,,,,,,,,,,,,,,,,,,Tree cover (Forest),0.05,0.15,0.6,0.15,0.04,0.01,0.0,Quartzite / Schist / Slate,3,100.0,39989.65,0,0.0,0.0,42489.65,0,160.0,310.0,0,400.0,0.0,1,5000.0,,500.0,0.0,0.0,1.0,0.0,0.0,Open Road,False,False,100.0,COMPLETE
NH44_SEG_126,125,62500.0,63000.0,62750.0,500.0,False,75.173026,33.353083,75.171409,33.356938,75.171487,33.354821,Ramban/Udhampur,100,,,,,,,,,,,,,,,,,,,,,,,,,,,,,,,,,,,,,,,,,,Tree cover (Forest),0.05,0.15,0.6,0.15,0.04,0.01,0.0,Quartzite / Schist / Slate,3,100.0,40021.85,0,0.0,0.0,42521.85,0,170.0,325.0,0,400.0,0.0,1,5000.0,,500.0,0.0,0.0,1.0,0.0,0.0,Open Road,False,False,100.0,COMPLETE
NH44_SEG_127,126,63000.0,63500.0,63250.0,500.0,False,75.171409,33.356938,75.173599,33.360395,75.171727,33.359024,Ramban/Udhampur,100,,,,,,,,,,,,,,,,,,,,,,,,,,,,,,,,,,,,,,,,,,Tree cover (Forest),0.05,0.15,0.6,0.15,0.04,0.01,0.0,Quartzite / Schist / Slate,3,100.0,40220.79,0,0.0,0.0,42720.79,0,180.0,340.0,1,1250.0,0.0,1,5000.0,,500.0,0.0,0.0,1.0,0.0,0.0,Open Road,False,False,100.0,COMPLETE
NH44_SEG_128,127,63500.0,64000.0,63750.0,500.0,False,75.173599,33.360395,75.177797,33.362549,75.175556,33.361802,Ramban/Udhampur,100,,,,,,,,,,,,,,,,,,,,,,,,,,,,,,,,,,,,,,,,,,Tree cover (Forest),0.05,0.15,0.6,0.15,0.04,0.01,0.0,Quartzite / Schist / Slate,3,100.0,40057.48,0,0.0,0.0,42557.48,0,190.0,355.0,0,400.0,0.0,1,5000.0,,500.0,0.0,0.0,1.0,0.0,0.0,Open Road,False,False,100.0,COMPLETE
NH44_SEG_129,128,64000.0,64500.0,64250.0,500.0,False,75.177797,33.362549,75.181072,33.36578,75.179159,33.364341,Ramban/Udhampur,100,,,,,,,,,,,,,,,,,,,,,,,,,,,,,,,,,,,,,,,,,,Tree cover (Forest),0.05,0.15,0.6,0.15,0.04,0.01,0.0,Quartzite / Schist / Slate,2,100.0,39851.67,0,0.0,0.0,42351.67,0,200.0,370.0,0,400.0,0.0,1,5000.0,,500.0,0.0,0.0,1.0,0.0,0.0,Open Road,False,False,100.0,COMPLETE
NH44_SEG_130,129,64500.0,65000.0,64750.0,500.0,False,75.181072,33.36578,75.185863,33.3658,75.183427,33.365573,Ramban/Udhampur,100,,,,,,,,,,,,,,,,,,,,,,,,,,,,,,,,,,,,,,,,,,Tree cover (Forest),0.05,0.15,0.6,0.15,0.04,0.01,0.0,Quartzite / Schist / Slate,1,100.0,39403.09,0,0.0,0.0,41903.09,0,210.0,385.0,0,400.0,0.0,1,5000.0,,500.0,0.0,0.0,1.0,0.0,0.0,Open Road,False,False,100.0,COMPLETE
NH44_SEG_131,130,65000.0,65500.0,65250.0,500.0,False,75.185863,33.3658,75.189521,33.368918,75.187907,33.367217,Ramban/Udhampur,100,,,,,,,,,,,,,,,,,,,,,,,,,,,,,,,,,,,,,,,,,,Tree cover (Forest),0.05,0.15,0.6,0.15,0.04,0.01,0.0,Quartzite / Schist / Slate,1,100.0,39076.45,0,0.0,0.0,41576.45,0,220.0,400.0,0,400.0,0.0,1,5000.0,,500.0,0.0,0.0,1.0,0.0,0.0,Open Road,False,False,100.0,COMPLETE
NH44_SEG_132,131,65500.0,66000.0,65750.0,500.0,False,75.189521,33.368918,75.193794,33.37079,75.192128,33.369403,Ramban/Udhampur,100,,,,,,,,,,,,,,,,,,,,,,,,,,,,,,,,,,,,,,,,,,Tree cover (Forest),0.05,0.15,0.6,0.15,0.04,0.01,0.0,Quartzite / Schist / Slate,1,100.0,38708.64,0,0.0,0.0,41208.64,0,230.0,415.0,0,400.0,0.0,1,5000.0,,500.0,0.0,0.0,1.0,0.0,0.0,Open Road,False,False,100.0,COMPLETE
NH44_SEG_133,132,66000.0,66500.0,66250.0,500.0,False,75.193794,33.37079,75.19669,33.374578,75.195227,33.37269,Ramban/Udhampur,100,,,,,,,,,,,,,,,,,,,,,,,,,,,,,,,,,,,,,,,,,,Tree cover (Forest),0.05,0.15,0.6,0.15,0.04,0.01,0.0,Quartzite / Schist / Slate,1,100.0,38511.16,0,0.0,0.0,41011.16,0,240.0,430.0,0,400.0,0.0,1,5000.0,,500.0,0.0,0.0,1.0,0.0,0.0,Open Road,False,False,100.0,COMPLETE
NH44_SEG_134,133,66500.0,67000.0,66750.0,500.0,False,75.19669,33.374578,75.200371,33.37752,75.198306,33.376336,Ramban/Udhampur,100,,,,,,,,,,,,,,,,,,,,,,,,,,,,,,,,,,,,,,,,,,Tree cover (Forest),0.05,0.15,0.6,0.15,0.04,0.01,0.0,Quartzite / Schist / Slate,1,100.0,38207.74,0,0.0,0.0,40707.74,0,250.0,445.0,1,1250.0,0.0,1,5000.0,,500.0,0.0,0.0,1.0,0.0,0.0,Open Road,False,False,100.0,COMPLETE
NH44_SEG_135,134,67000.0,67500.0,67250.0,500.0,False,75.200371,33.37752,75.201047,33.381591,75.20116,33.379435,Ramban/Udhampur,100,,,,,,,,,,,,,,,,,,,,,,,,,,,,,,,,,,,,,,,,,,Tree cover (Forest),0.05,0.15,0.6,0.15,0.04,0.01,0.0,Quartzite / Schist / Slate,1,100.0,38165.3,0,0.0,0.0,40665.3,0,260.0,460.0,0,400.0,0.0,1,5000.0,,500.0,0.0,0.0,1.0,0.0,0.0,Open Road,False,False,100.0,COMPLETE
NH44_SEG_136,135,67500.0,68000.0,67750.0,500.0,False,75.201047,33.381591,75.201632,33.385958,75.201282,33.383753,Ramban/Udhampur,100,,,,,,,,,,,,,,,,,,,,,,,,,,,,,,,,,,,,,,,,,,Tree cover (Forest),0.05,0.15,0.6,0.15,0.04,0.01,0.0,Quartzite / Schist / Slate,1,100.0,38210.3,0,0.0,0.0,40710.3,0,120.0,250.0,0,400.0,0.0,1,5000.0,,500.0,0.0,0.0,1.0,0.0,0.0,Open Road,False,False,100.0,COMPLETE
NH44_SEG_137,136,68000.0,68500.0,68250.0,500.0,False,75.201632,33.385958,75.201182,33.389714,75.202601,33.388061,Ramban/Udhampur,100,,,,,,,,,,,,,,,,,,,,,,,,,,,,,,,,,,,,,,,,,,Tree cover (Forest),0.05,0.15,0.6,0.15,0.04,0.01,0.0,Quartzite / Schist / Slate,1,100.0,38168.08,0,0.0,0.0,40668.08,0,130.0,265.0,0,400.0,0.0,1,5000.0,,500.0,0.0,0.0,1.0,0.0,0.0,Open Road,False,False,100.0,COMPLETE
NH44_SEG_138,137,68500.0,69000.0,68750.0,500.0,False,75.201182,33.389714,75.198718,33.392466,75.19927,33.390336,Ramban/Udhampur,100,,,,,,,,,,,,,,,,,,,,,,,,,,,,,,,,,,,,,,,,,,Tree cover (Forest),0.05,0.15,0.6,0.15,0.04,0.01,0.0,Quartzite / Schist / Slate,2,100.0,38420.14,0,0.0,0.0,40920.14,0,140.0,280.0,0,400.0,0.0,1,5000.0,,500.0,0.0,0.0,1.0,0.0,0.0,Open Road,False,False,100.0,COMPLETE
NH44_SEG_139,138,69000.0,69500.0,69250.0,500.0,False,75.198718,33.392466,75.19702,33.396651,75.197508,33.39446,Ramban/Udhampur,100,,,,,,,,,,,,,,,,,,,,,,,,,,,,,,,,,,,,,,,,,,Tree cover (Forest),0.05,0.15,0.6,0.15,0.04,0.01,0.0,Quartzite / Schist / Slate,2,100.0,38615.64,0,0.0,0.0,41115.64,0,150.0,295.0,0,400.0,0.0,1,5000.0,,500.0,0.0,0.0,1.0,0.0,0.0,Open Road,False,False,100.0,COMPLETE
NH44_SEG_140,139,69500.0,70000.0,69750.0,500.0,False,75.19702,33.396651,75.195118,33.40069,75.196189,33.398762,Ramban/Udhampur,100,,,,,,,,,,,,,,,,,,,,,,,,,,,,,,,,,,,,,,,,,,Tree cover (Forest),0.05,0.15,0.6,0.15,0.04,0.01,0.0,Quartzite / Schist / Slate,1,100.0,38827.96,0,0.0,0.0,41327.96,0,160.0,310.0,0,400.0,0.0,1,5000.0,,500.0,0.0,0.0,1.0,0.0,0.0,Open Road,False,False,100.0,COMPLETE
NH44_SEG_141,140,70000.0,70500.0,70250.0,500.0,False,75.195118,33.40069,75.1977,33.404427,75.196392,33.402618,Ramban/Udhampur,100,,,,,,,,,,,,,,,,,,,,,,,,,,,,,,,,,,,,,,,,,,Tree cover (Forest),0.05,0.15,0.6,0.15,0.04,0.01,0.0,Quartzite / Schist / Slate,1,100.0,38902.58,0,0.0,0.0,41402.58,0,170.0,325.0,1,1250.0,0.0,1,5000.0,,500.0,0.0,0.0,1.0,0.0,0.0,Open Road,False,False,100.0,COMPLETE
NH44_SEG_142,141,70500.0,71000.0,70750.0,500.0,False,75.1977,33.404427,75.200947,33.407597,75.198734,33.406471,Ramban/Udhampur,100,,,,,,,,,,,,,,,,,,,,,,,,,,,,,,,,,,,,,,,,,,Tree cover (Forest),0.05,0.15,0.6,0.15,0.04,0.01,0.0,Quartzite / Schist / Slate,1,100.0,38749.37,0,0.0,0.0,41249.37,0,180.0,340.0,0,400.0,0.0,1,5000.0,,500.0,0.0,0.0,1.0,0.0,0.0,Open Road,False,False,100.0,COMPLETE
NH44_SEG_143,142,71000.0,71500.0,71250.0,500.0,False,75.200947,33.407597,75.20389,33.41103,75.20252,33.409138,Ramban/Udhampur,100,,,,,,,,,,,,,,,,,,,,,,,,,,,,,,,,,,,,,,,,,,Tree cover (Forest),0.05,0.15,0.6,0.15,0.04,0.01,0.0,Quartzite / Schist / Slate,1,100.0,38509.14,0,0.0,0.0,41009.14,0,190.0,355.0,0,400.0,0.0,1,5000.0,,500.0,0.0,0.0,1.0,0.0,0.0,Open Road,False,False,100.0,COMPLETE
NH44_SEG_144,143,71500.0,72000.0,71750.0,500.0,False,75.20389,33.41103,75.204812,33.415036,75.2047,33.413041,Ramban/Udhampur,100,,,,,,,,,,,,,,,,,,,,,,,,,,,,,,,,,,,,,,,,,,Tree cover (Forest),0.05,0.15,0.6,0.15,0.04,0.01,0.0,Quartzite / Schist / Slate,2,100.0,38441.93,0,0.0,0.0,40941.93,0,200.0,370.0,0,400.0,0.0,1,5000.0,,500.0,0.0,0.0,1.0,0.0,0.0,Open Road,False,False,100.0,COMPLETE
NH44_SEG_145,144,72000.0,72500.0,72250.0,500.0,False,75.204812,33.415036,75.205117,33.419247,75.204695,33.41706,Ramban/Udhampur,100,,,,,,,,,,,,,,,,,,,,,,,,,,,,,,,,,,,,,,,,,,Tree cover (Forest),0.05,0.15,0.6,0.15,0.04,0.01,0.0,Quartzite / Schist / Slate,1,100.0,38480.2,0,0.0,0.0,40980.2,0,210.0,385.0,0,400.0,0.0,1,5000.0,,500.0,0.0,0.0,1.0,0.0,0.0,Open Road,False,False,100.0,COMPLETE
NH44_SEG_146,145,72500.0,73000.0,72750.0,500.0,False,75.205117,33.419247,75.204697,33.423655,75.204725,33.421419,Ramban/Udhampur,100,,,,,,,,,,,,,,,,,,,,,,,,,,,,,,,,,,,,,,,,,,Tree cover (Forest),0.05,0.15,0.6,0.15,0.04,0.01,0.0,Quartzite / Schist / Slate,1,100.0,38563.8,0,0.0,0.0,41063.8,0,220.0,400.0,0,400.0,0.0,1,5000.0,,500.0,0.0,0.0,1.0,0.0,0.0,Open Road,False,False,100.0,COMPLETE
NH44_SEG_147,146,73000.0,73500.0,73250.0,500.0,False,75.204697,33.423655,75.202468,33.427141,75.204652,33.425858,Ramban/Udhampur,100,,,,,,,,,,,,,,,,,,,,,,,,,,,,,,,,,,,,,,,,,,Tree cover (Forest),0.05,0.15,0.6,0.15,0.04,0.01,0.0,Quartzite / Schist / Slate,1,100.0,38714.68,0,0.0,0.0,41214.68,0,230.0,415.0,0,400.0,0.0,1,5000.0,,500.0,0.0,0.0,1.0,0.0,0.0,Open Road,False,False,100.0,COMPLETE
NH44_SEG_148,147,73500.0,74000.0,73750.0,500.0,False,75.202468,33.427141,75.198318,33.429872,75.200159,33.428297,Ramban/Udhampur,100,,,,,,,,,,,,,,,,,,,,,,,,,,,,,,,,,,,,,,,,,,Tree cover (Forest),0.05,0.15,0.6,0.15,0.04,0.01,0.0,Quartzite / Schist / Slate,1,100.0,39079.25,0,0.0,0.0,41579.25,0,240.0,430.0,1,1250.0,0.0,1,5000.0,,500.0,0.0,0.0,1.0,0.0,0.0,Open Road,False,False,100.0,COMPLETE
NH44_SEG_149,148,74000.0,74500.0,74250.0,500.0,False,75.198318,33.429872,75.195412,33.433533,75.197099,33.431778,Ramban/Udhampur,100,,,,,,,,,,,,,,,,,,,,,,,,,,,,,,,,,,,,,,,,,,Tree cover (Forest),0.05,0.15,0.6,0.15,0.04,0.01,0.0,Quartzite / Schist / Slate,2,100.0,39472.96,0,0.0,0.0,41972.96,0,250.0,445.0,0,400.0,0.0,1,5000.0,,500.0,0.0,0.0,1.0,0.0,0.0,Open Road,False,False,100.0,COMPLETE
NH44_SEG_150,149,74500.0,75000.0,74750.0,500.0,False,75.195412,33.433533,75.193958,33.437687,75.194156,33.435473,Ramban/Udhampur,100,,,,,,,,,,,,,,,,,,,,,,,,,,,,,,,,,,,,,,,,,,Tree cover (Forest),0.05,0.15,0.6,0.15,0.04,0.01,0.0,Quartzite / Schist / Slate,2,100.0,39860.18,0,0.0,0.0,42360.18,0,260.0,460.0,0,400.0,0.0,1,5000.0,,500.0,0.0,0.0,1.0,0.0,0.0,Open Road,False,False,100.0,COMPLETE
NH44_SEG_151,150,75000.0,75500.0,75250.0,500.0,False,75.193958,33.437687,75.190553,33.440954,75.192382,33.439437,Ramban/Udhampur,100,,,,,,,,,,,,,,,,,,,,,,,,,,,,,,,,,,,,,,,,,,Tree cover (Forest),0.05,0.15,0.6,0.15,0.04,0.01,0.0,Quartzite / Schist / Slate,1,100.0,40085.1,0,0.0,0.0,42585.1,0,120.0,250.0,0,400.0,0.0,1,5000.0,,0.0,500.0,0.0,0.0,1.0,0.0,Tunnel,False,False,100.0,COMPLETE
NH44_SEG_152,151,75500.0,76000.0,75750.0,500.0,False,75.190553,33.440954,75.189134,33.445066,75.189748,33.442962,Ramban/Udhampur,100,,,,,,,,,,,,,,,,,,,,,,,,,,,,,,,,,,,,,,,,,,Tree cover (Forest),0.05,0.15,0.6,0.15,0.04,0.01,0.0,Quartzite / Schist / Slate,1,100.0,40486.06,0,0.0,0.0,42986.06,0,130.0,265.0,0,400.0,0.0,1,5000.0,,0.0,500.0,0.0,0.0,1.0,0.0,Tunnel,False,False,100.0,COMPLETE
NH44_SEG_153,152,76000.0,76500.0,76250.0,500.0,False,75.189134,33.445066,75.19036,33.449414,75.18949,33.44728,Ramban/Udhampur,100,,,,,,,,,,,,,,,,,,,,,,,,,,,,,,,,,,,,,,,,,,Tree cover (Forest),0.05,0.15,0.6,0.15,0.04,0.01,0.0,Quartzite / Schist / Slate,1,100.0,40709.3,0,0.0,0.0,43209.3,0,140.0,280.0,0,400.0,0.0,1,5000.0,,0.0,500.0,0.0,0.0,1.0,0.0,Tunnel,False,False,100.0,COMPLETE
NH44_SEG_154,153,76500.0,77000.0,76750.0,500.0,False,75.19036,33.449414,75.191912,33.453728,75.191166,33.451565,Ramban/Udhampur,100,,,,,,,,,,,,,,,,,,,,,,,,,,,,,,,,,,,,,,,,,,Tree cover (Forest),0.05,0.15,0.6,0.15,0.04,0.01,0.0,Quartzite / Schist / Slate,1,100.0,40690.92,0,0.0,0.0,43190.92,0,150.0,295.0,0,400.0,0.0,1,5000.0,,0.0,500.0,0.0,0.0,1.0,0.0,Tunnel,False,False,100.0,COMPLETE
NH44_SEG_155,154,77000.0,77500.0,77250.0,500.0,False,75.191912,33.453728,75.189511,33.457422,75.191148,33.455711,Ramban/Udhampur,100,,,,,,,,,,,,,,,,,,,,,,,,,,,,,,,,,,,,,,,,,,Tree cover (Forest),0.05,0.15,0.6,0.15,0.04,0.01,0.0,Quartzite / Schist / Slate,1,100.0,40695.56,0,0.0,0.0,43195.56,0,160.0,310.0,1,1250.0,0.0,1,5000.0,,0.0,500.0,0.0,0.0,1.0,0.0,Tunnel,False,False,100.0,COMPLETE
NH44_SEG_156,155,77500.0,78000.0,77750.0,500.0,False,75.189511,33.457422,75.187261,33.461441,75.188053,33.4593,Ramban/Udhampur,100,,,,,,,,,,,,,,,,,,,,,,,,,,,,,,,,,,,,,,,,,,Tree cover (Forest),0.05,0.15,0.6,0.15,0.04,0.01,0.0,Quartzite / Schist / Slate,1,100.0,41061.2,0,0.0,0.0,43561.2,0,170.0,325.0,0,400.0,0.0,1,5000.0,,0.0,500.0,0.0,0.0,1.0,0.0,Tunnel,False,False,100.0,COMPLETE
NH44_SEG_157,156,78000.0,78500.0,78250.0,500.0,False,75.187261,33.461441,75.187612,33.465934,75.187429,33.463688,Ramban/Udhampur,100,,,,,,,,,,,,,,,,,,,,,,,,,,,,,,,,,,,,,,,,,,Tree cover (Forest),0.05,0.15,0.6,0.15,0.04,0.01,0.0,Quartzite / Schist / Slate,1,100.0,41343.37,0,0.0,0.0,43843.37,0,180.0,340.0,0,400.0,0.0,1,5000.0,,0.0,500.0,0.0,0.0,1.0,0.0,Tunnel,False,False,100.0,COMPLETE
NH44_SEG_158,157,78500.0,78619.37,78559.68,119.37,True,75.187612,33.465934,75.187307,33.466977,75.187496,33.466463,Ramban/Udhampur,100,,,,,,,,,,,,,,,,,,,,,,,,,,,,,,,,,,,,,,,,,,Tree cover (Forest),0.05,0.15,0.6,0.15,0.04,0.01,0.0,Quartzite / Schist / Slate,1,100.0,41452.45,0,0.0,0.0,43952.45,0,190.0,355.0,0,400.0,0.0,1,5000.0,,119.37,0.0,0.0,1.0,0.0,0.0,Open Road,False,False,100.0,COMPLETE
