segment_id,midpoint_longitude_deg,midpoint_latitude_deg,coordinate_source,raster_row_index,raster_column_index,native_cell_id,cell_center_longitude_deg,cell_center_latitude_deg,west_bound_deg,east_bound_deg,south_bound_deg,north_bound_deg,boundary_rule,mapping_method_a_result,mapping_method_b_result,agreement_status
NH44_SEG_001,75.192389,32.99161,v2_3a_final_segment_inventory.csv,570,2551,GPM_NATIVE_32.95N_75.15E,75.15,32.95,75.1,75.2,32.9,33.0,"HALF_OPEN_INTERVAL_[WEST,EAST)_AND_[SOUTH,NORTH)",GPM_NATIVE_32.95N_75.15E_row570_col2551,"GPM_NATIVE_32.95N_75.15E_bbox[75.10,32.90,75.20,33.00]",EXACT_AGREEMENT
NH44_SEG_002,75.197494,32.991265,v2_3a_final_segment_inventory.csv,570,2551,GPM_NATIVE_32.95N_75.15E,75.15,32.95,75.1,75.2,32.9,33.0,"HALF_OPEN_INTERVAL_[WEST,EAST)_AND_[SOUTH,NORTH)",GPM_NATIVE_32.95N_75.15E_row570_col2551,"GPM_NATIVE_32.95N_75.15E_bbox[75.10,32.90,75.20,33.00]",EXACT_AGREEMENT
NH44_SEG_003,75.199061,32.995151,v2_3a_final_segment_inventory.csv,570,2551,GPM_NATIVE_32.95N_75.15E,75.15,32.95,75.1,75.2,32.9,33.0,"HALF_OPEN_INTERVAL_[WEST,EAST)_AND_[SOUTH,NORTH)",GPM_NATIVE_32.95N_75.15E_row570_col2551,"GPM_NATIVE_32.95N_75.15E_bbox[75.10,32.90,75.20,33.00]",EXACT_AGREEMENT
NH44_SEG_004,75.202505,32.998052,v2_3a_final_segment_inventory.csv,570,2552,GPM_NATIVE_32.95N_75.25E,75.25,32.95,75.2,75.3,32.9,33.0,"HALF_OPEN_INTERVAL_[WEST,EAST)_AND_[SOUTH,NORTH)",GPM_NATIVE_32.95N_75.25E_row570_col2552,"GPM_NATIVE_32.95N_75.25E_bbox[75.20,32.90,75.30,33.00]",EXACT_AGREEMENT
NH44_SEG_005,75.206563,32.999463,v2_3a_final_segment_inventory.csv,570,2552,GPM_NATIVE_32.95N_75.25E,75.25,32.95,75.2,75.3,32.9,33.0,"HALF_OPEN_INTERVAL_[WEST,EAST)_AND_[SOUTH,NORTH)",GPM_NATIVE_32.95N_75.25E_row570_col2552,"GPM_NATIVE_32.95N_75.25E_bbox[75.20,32.90,75.30,33.00]",EXACT_AGREEMENT
NH44_SEG_006,75.210746,33.001616,v2_3a_final_segment_inventory.csv,569,2552,GPM_NATIVE_33.05N_75.25E,75.25,33.05,75.2,75.3,33.0,33.1,"HALF_OPEN_INTERVAL_[WEST,EAST)_AND_[SOUTH,NORTH)",GPM_NATIVE_33.05N_75.25E_row569_col2552,"GPM_NATIVE_33.05N_75.25E_bbox[75.20,33.00,75.30,33.10]",EXACT_AGREEMENT
NH44_SEG_007,75.215494,33.003558,v2_3a_final_segment_inventory.csv,569,2552,GPM_NATIVE_33.05N_75.25E,75.25,33.05,75.2,75.3,33.0,33.1,"HALF_OPEN_INTERVAL_[WEST,EAST)_AND_[SOUTH,NORTH)",GPM_NATIVE_33.05N_75.25E_row569_col2552,"GPM_NATIVE_33.05N_75.25E_bbox[75.20,33.00,75.30,33.10]",EXACT_AGREEMENT
NH44_SEG_008,75.219544,33.0063,v2_3a_final_segment_inventory.csv,569,2552,GPM_NATIVE_33.05N_75.25E,75.25,33.05,75.2,75.3,33.0,33.1,"HALF_OPEN_INTERVAL_[WEST,EAST)_AND_[SOUTH,NORTH)",GPM_NATIVE_33.05N_75.25E_row569_col2552,"GPM_NATIVE_33.05N_75.25E_bbox[75.20,33.00,75.30,33.10]",EXACT_AGREEMENT
NH44_SEG_009,75.221075,33.009946,v2_3a_final_segment_inventory.csv,569,2552,GPM_NATIVE_33.05N_75.25E,75.25,33.05,75.2,75.3,33.0,33.1,"HALF_OPEN_INTERVAL_[WEST,EAST)_AND_[SOUTH,NORTH)",GPM_NATIVE_33.05N_75.25E_row569_col2552,"GPM_NATIVE_33.05N_75.25E_bbox[75.20,33.00,75.30,33.10]",EXACT_AGREEMENT
NH44_SEG_010,75.226206,33.01102,v2_3a_final_segment_inventory.csv,569,2552,GPM_NATIVE_33.05N_75.25E,75.25,33.05,75.2,75.3,33.0,33.1,"HALF_OPEN_INTERVAL_[WEST,EAST)_AND_[SOUTH,NORTH)",GPM_NATIVE_33.05N_75.25E_row569_col2552,"GPM_NATIVE_33.05N_75.25E_bbox[75.20,33.00,75.30,33.10]",EXACT_AGREEMENT
NH44_SEG_011,75.229573,33.013755,v2_3a_final_segment_inventory.csv,569,2552,GPM_NATIVE_33.05N_75.25E,75.25,33.05,75.2,75.3,33.0,33.1,"HALF_OPEN_INTERVAL_[WEST,EAST)_AND_[SOUTH,NORTH)",GPM_NATIVE_33.05N_75.25E_row569_col2552,"GPM_NATIVE_33.05N_75.25E_bbox[75.20,33.00,75.30,33.10]",EXACT_AGREEMENT
NH44_SEG_012,75.2338,33.015454,v2_3a_final_segment_inventory.csv,569,2552,GPM_NATIVE_33.05N_75.25E,75.25,33.05,75.2,75.3,33.0,33.1,"HALF_OPEN_INTERVAL_[WEST,EAST)_AND_[SOUTH,NORTH)",GPM_NATIVE_33.05N_75.25E_row569_col2552,"GPM_NATIVE_33.05N_75.25E_bbox[75.20,33.00,75.30,33.10]",EXACT_AGREEMENT
NH44_SEG_013,75.236814,33.018068,v2_3a_final_segment_inventory.csv,569,2552,GPM_NATIVE_33.05N_75.25E,75.25,33.05,75.2,75.3,33.0,33.1,"HALF_OPEN_INTERVAL_[WEST,EAST)_AND_[SOUTH,NORTH)",GPM_NATIVE_33.05N_75.25E_row569_col2552,"GPM_NATIVE_33.05N_75.25E_bbox[75.20,33.00,75.30,33.10]",EXACT_AGREEMENT
NH44_SEG_014,75.240488,33.018726,v2_3a_final_segment_inventory.csv,569,2552,GPM_NATIVE_33.05N_75.25E,75.25,33.05,75.2,75.3,33.0,33.1,"HALF_OPEN_INTERVAL_[WEST,EAST)_AND_[SOUTH,NORTH)",GPM_NATIVE_33.05N_75.25E_row569_col2552,"GPM_NATIVE_33.05N_75.25E_bbox[75.20,33.00,75.30,33.10]",EXACT_AGREEMENT
NH44_SEG_015,75.245445,33.019586,v2_3a_final_segment_inventory.csv,569,2552,GPM_NATIVE_33.05N_75.25E,75.25,33.05,75.2,75.3,33.0,33.1,"HALF_OPEN_INTERVAL_[WEST,EAST)_AND_[SOUTH,NORTH)",GPM_NATIVE_33.05N_75.25E_row569_col2552,"GPM_NATIVE_33.05N_75.25E_bbox[75.20,33.00,75.30,33.10]",EXACT_AGREEMENT
NH44_SEG_016,75.247197,33.023286,v2_3a_final_segment_inventory.csv,569,2552,GPM_NATIVE_33.05N_75.25E,75.25,33.05,75.2,75.3,33.0,33.1,"HALF_OPEN_INTERVAL_[WEST,EAST)_AND_[SOUTH,NORTH)",GPM_NATIVE_33.05N_75.25E_row569_col2552,"GPM_NATIVE_33.05N_75.25E_bbox[75.20,33.00,75.30,33.10]",EXACT_AGREEMENT
NH44_SEG_017,75.250535,33.0257,v2_3a_final_segment_inventory.csv,569,2552,GPM_NATIVE_33.05N_75.25E,75.25,33.05,75.2,75.3,33.0,33.1,"HALF_OPEN_INTERVAL_[WEST,EAST)_AND_[SOUTH,NORTH)",GPM_NATIVE_33.05N_75.25E_row569_col2552,"GPM_NATIVE_33.05N_75.25E_bbox[75.20,33.00,75.30,33.10]",EXACT_AGREEMENT
NH44_SEG_018,75.254498,33.026164,v2_3a_final_segment_inventory.csv,569,2552,GPM_NATIVE_33.05N_75.25E,75.25,33.05,75.2,75.3,33.0,33.1,"HALF_OPEN_INTERVAL_[WEST,EAST)_AND_[SOUTH,NORTH)",GPM_NATIVE_33.05N_75.25E_row569_col2552,"GPM_NATIVE_33.05N_75.25E_bbox[75.20,33.00,75.30,33.10]",EXACT_AGREEMENT
NH44_SEG_019,75.257833,33.028292,v2_3a_final_segment_inventory.csv,569,2552,GPM_NATIVE_33.05N_75.25E,75.25,33.05,75.2,75.3,33.0,33.1,"HALF_OPEN_INTERVAL_[WEST,EAST)_AND_[SOUTH,NORTH)",GPM_NATIVE_33.05N_75.25E_row569_col2552,"GPM_NATIVE_33.05N_75.25E_bbox[75.20,33.00,75.30,33.10]",EXACT_AGREEMENT
NH44_SEG_020,75.261211,33.028781,v2_3a_final_segment_inventory.csv,569,2552,GPM_NATIVE_33.05N_75.25E,75.25,33.05,75.2,75.3,33.0,33.1,"HALF_OPEN_INTERVAL_[WEST,EAST)_AND_[SOUTH,NORTH)",GPM_NATIVE_33.05N_75.25E_row569_col2552,"GPM_NATIVE_33.05N_75.25E_bbox[75.20,33.00,75.30,33.10]",EXACT_AGREEMENT
NH44_SEG_021,75.26613,33.029876,v2_3a_final_segment_inventory.csv,569,2552,GPM_NATIVE_33.05N_75.25E,75.25,33.05,75.2,75.3,33.0,33.1,"HALF_OPEN_INTERVAL_[WEST,EAST)_AND_[SOUTH,NORTH)",GPM_NATIVE_33.05N_75.25E_row569_col2552,"GPM_NATIVE_33.05N_75.25E_bbox[75.20,33.00,75.30,33.10]",EXACT_AGREEMENT
NH44_SEG_022,75.268594,33.033645,v2_3a_final_segment_inventory.csv,569,2552,GPM_NATIVE_33.05N_75.25E,75.25,33.05,75.2,75.3,33.0,33.1,"HALF_OPEN_INTERVAL_[WEST,EAST)_AND_[SOUTH,NORTH)",GPM_NATIVE_33.05N_75.25E_row569_col2552,"GPM_NATIVE_33.05N_75.25E_bbox[75.20,33.00,75.30,33.10]",EXACT_AGREEMENT
NH44_SEG_023,75.27232,33.035645,v2_3a_final_segment_inventory.csv,569,2552,GPM_NATIVE_33.05N_75.25E,75.25,33.05,75.2,75.3,33.0,33.1,"HALF_OPEN_INTERVAL_[WEST,EAST)_AND_[SOUTH,NORTH)",GPM_NATIVE_33.05N_75.25E_row569_col2552,"GPM_NATIVE_33.05N_75.25E_bbox[75.20,33.00,75.30,33.10]",EXACT_AGREEMENT
NH44_SEG_024,75.276984,33.036283,v2_3a_final_segment_inventory.csv,569,2552,GPM_NATIVE_33.05N_75.25E,75.25,33.05,75.2,75.3,33.0,33.1,"HALF_OPEN_INTERVAL_[WEST,EAST)_AND_[SOUTH,NORTH)",GPM_NATIVE_33.05N_75.25E_row569_col2552,"GPM_NATIVE_33.05N_75.25E_bbox[75.20,33.00,75.30,33.10]",EXACT_AGREEMENT
NH44_SEG_025,75.279274,33.039892,v2_3a_final_segment_inventory.csv,569,2552,GPM_NATIVE_33.05N_75.25E,75.25,33.05,75.2,75.3,33.0,33.1,"HALF_OPEN_INTERVAL_[WEST,EAST)_AND_[SOUTH,NORTH)",GPM_NATIVE_33.05N_75.25E_row569_col2552,"GPM_NATIVE_33.05N_75.25E_bbox[75.20,33.00,75.30,33.10]",EXACT_AGREEMENT
NH44_SEG_026,75.279075,33.04414,v2_3a_final_segment_inventory.csv,569,2552,GPM_NATIVE_33.05N_75.25E,75.25,33.05,75.2,75.3,33.0,33.1,"HALF_OPEN_INTERVAL_[WEST,EAST)_AND_[SOUTH,NORTH)",GPM_NATIVE_33.05N_75.25E_row569_col2552,"GPM_NATIVE_33.05N_75.25E_bbox[75.20,33.00,75.30,33.10]",EXACT_AGREEMENT
NH44_SEG_027,75.279928,33.04822,v2_3a_final_segment_inventory.csv,569,2552,GPM_NATIVE_33.05N_75.25E,75.25,33.05,75.2,75.3,33.0,33.1,"HALF_OPEN_INTERVAL_[WEST,EAST)_AND_[SOUTH,NORTH)",GPM_NATIVE_33.05N_75.25E_row569_col2552,"GPM_NATIVE_33.05N_75.25E_bbox[75.20,33.00,75.30,33.10]",EXACT_AGREEMENT
NH44_SEG_028,75.281513,33.052403,v2_3a_final_segment_inventory.csv,569,2552,GPM_NATIVE_33.05N_75.25E,75.25,33.05,75.2,75.3,33.0,33.1,"HALF_OPEN_INTERVAL_[WEST,EAST)_AND_[SOUTH,NORTH)",GPM_NATIVE_33.05N_75.25E_row569_col2552,"GPM_NATIVE_33.05N_75.25E_bbox[75.20,33.00,75.30,33.10]",EXACT_AGREEMENT
NH44_SEG_029,75.282172,33.056879,v2_3a_final_segment_inventory.csv,569,2552,GPM_NATIVE_33.05N_75.25E,75.25,33.05,75.2,75.3,33.0,33.1,"HALF_OPEN_INTERVAL_[WEST,EAST)_AND_[SOUTH,NORTH)",GPM_NATIVE_33.05N_75.25E_row569_col2552,"GPM_NATIVE_33.05N_75.25E_bbox[75.20,33.00,75.30,33.10]",EXACT_AGREEMENT
NH44_SEG_030,75.282832,33.061355,v2_3a_final_segment_inventory.csv,569,2552,GPM_NATIVE_33.05N_75.25E,75.25,33.05,75.2,75.3,33.0,33.1,"HALF_OPEN_INTERVAL_[WEST,EAST)_AND_[SOUTH,NORTH)",GPM_NATIVE_33.05N_75.25E_row569_col2552,"GPM_NATIVE_33.05N_75.25E_bbox[75.20,33.00,75.30,33.10]",EXACT_AGREEMENT
NH44_SEG_031,75.283491,33.065831,v2_3a_final_segment_inventory.csv,569,2552,GPM_NATIVE_33.05N_75.25E,75.25,33.05,75.2,75.3,33.0,33.1,"HALF_OPEN_INTERVAL_[WEST,EAST)_AND_[SOUTH,NORTH)",GPM_NATIVE_33.05N_75.25E_row569_col2552,"GPM_NATIVE_33.05N_75.25E_bbox[75.20,33.00,75.30,33.10]",EXACT_AGREEMENT
NH44_SEG_032,75.284151,33.070306,v2_3a_final_segment_inventory.csv,569,2552,GPM_NATIVE_33.05N_75.25E,75.25,33.05,75.2,75.3,33.0,33.1,"HALF_OPEN_INTERVAL_[WEST,EAST)_AND_[SOUTH,NORTH)",GPM_NATIVE_33.05N_75.25E_row569_col2552,"GPM_NATIVE_33.05N_75.25E_bbox[75.20,33.00,75.30,33.10]",EXACT_AGREEMENT
NH44_SEG_033,75.28481,33.074782,v2_3a_final_segment_inventory.csv,569,2552,GPM_NATIVE_33.05N_75.25E,75.25,33.05,75.2,75.3,33.0,33.1,"HALF_OPEN_INTERVAL_[WEST,EAST)_AND_[SOUTH,NORTH)",GPM_NATIVE_33.05N_75.25E_row569_col2552,"GPM_NATIVE_33.05N_75.25E_bbox[75.20,33.00,75.30,33.10]",EXACT_AGREEMENT
NH44_SEG_034,75.28547,33.079258,v2_3a_final_segment_inventory.csv,569,2552,GPM_NATIVE_33.05N_75.25E,75.25,33.05,75.2,75.3,33.0,33.1,"HALF_OPEN_INTERVAL_[WEST,EAST)_AND_[SOUTH,NORTH)",GPM_NATIVE_33.05N_75.25E_row569_col2552,"GPM_NATIVE_33.05N_75.25E_bbox[75.20,33.00,75.30,33.10]",EXACT_AGREEMENT
NH44_SEG_035,75.28613,33.083734,v2_3a_final_segment_inventory.csv,569,2552,GPM_NATIVE_33.05N_75.25E,75.25,33.05,75.2,75.3,33.0,33.1,"HALF_OPEN_INTERVAL_[WEST,EAST)_AND_[SOUTH,NORTH)",GPM_NATIVE_33.05N_75.25E_row569_col2552,"GPM_NATIVE_33.05N_75.25E_bbox[75.20,33.00,75.30,33.10]",EXACT_AGREEMENT
NH44_SEG_036,75.28679,33.088209,v2_3a_final_segment_inventory.csv,569,2552,GPM_NATIVE_33.05N_75.25E,75.25,33.05,75.2,75.3,33.0,33.1,"HALF_OPEN_INTERVAL_[WEST,EAST)_AND_[SOUTH,NORTH)",GPM_NATIVE_33.05N_75.25E_row569_col2552,"GPM_NATIVE_33.05N_75.25E_bbox[75.20,33.00,75.30,33.10]",EXACT_AGREEMENT
NH44_SEG_037,75.287449,33.092685,v2_3a_final_segment_inventory.csv,569,2552,GPM_NATIVE_33.05N_75.25E,75.25,33.05,75.2,75.3,33.0,33.1,"HALF_OPEN_INTERVAL_[WEST,EAST)_AND_[SOUTH,NORTH)",GPM_NATIVE_33.05N_75.25E_row569_col2552,"GPM_NATIVE_33.05N_75.25E_bbox[75.20,33.00,75.30,33.10]",EXACT_AGREEMENT
NH44_SEG_038,75.288109,33.097161,v2_3a_final_segment_inventory.csv,569,2552,GPM_NATIVE_33.05N_75.25E,75.25,33.05,75.2,75.3,33.0,33.1,"HALF_OPEN_INTERVAL_[WEST,EAST)_AND_[SOUTH,NORTH)",GPM_NATIVE_33.05N_75.25E_row569_col2552,"GPM_NATIVE_33.05N_75.25E_bbox[75.20,33.00,75.30,33.10]",EXACT_AGREEMENT
NH44_SEG_039,75.288769,33.101637,v2_3a_final_segment_inventory.csv,568,2552,GPM_NATIVE_33.15N_75.25E,75.25,33.15,75.2,75.3,33.1,33.2,"HALF_OPEN_INTERVAL_[WEST,EAST)_AND_[SOUTH,NORTH)",GPM_NATIVE_33.15N_75.25E_row568_col2552,"GPM_NATIVE_33.15N_75.25E_bbox[75.20,33.10,75.30,33.20]",EXACT_AGREEMENT
NH44_SEG_040,75.28943,33.106112,v2_3a_final_segment_inventory.csv,568,2552,GPM_NATIVE_33.15N_75.25E,75.25,33.15,75.2,75.3,33.1,33.2,"HALF_OPEN_INTERVAL_[WEST,EAST)_AND_[SOUTH,NORTH)",GPM_NATIVE_33.15N_75.25E_row568_col2552,"GPM_NATIVE_33.15N_75.25E_bbox[75.20,33.10,75.30,33.20]",EXACT_AGREEMENT
NH44_SEG_041,75.29009,33.110588,v2_3a_final_segment_inventory.csv,568,2552,GPM_NATIVE_33.15N_75.25E,75.25,33.15,75.2,75.3,33.1,33.2,"HALF_OPEN_INTERVAL_[WEST,EAST)_AND_[SOUTH,NORTH)",GPM_NATIVE_33.15N_75.25E_row568_col2552,"GPM_NATIVE_33.15N_75.25E_bbox[75.20,33.10,75.30,33.20]",EXACT_AGREEMENT
NH44_SEG_042,75.29075,33.115064,v2_3a_final_segment_inventory.csv,568,2552,GPM_NATIVE_33.15N_75.25E,75.25,33.15,75.2,75.3,33.1,33.2,"HALF_OPEN_INTERVAL_[WEST,EAST)_AND_[SOUTH,NORTH)",GPM_NATIVE_33.15N_75.25E_row568_col2552,"GPM_NATIVE_33.15N_75.25E_bbox[75.20,33.10,75.30,33.20]",EXACT_AGREEMENT
NH44_SEG_043,75.29141,33.11954,v2_3a_final_segment_inventory.csv,568,2552,GPM_NATIVE_33.15N_75.25E,75.25,33.15,75.2,75.3,33.1,33.2,"HALF_OPEN_INTERVAL_[WEST,EAST)_AND_[SOUTH,NORTH)",GPM_NATIVE_33.15N_75.25E_row568_col2552,"GPM_NATIVE_33.15N_75.25E_bbox[75.20,33.10,75.30,33.20]",EXACT_AGREEMENT
NH44_SEG_044,75.292071,33.124015,v2_3a_final_segment_inventory.csv,568,2552,GPM_NATIVE_33.15N_75.25E,75.25,33.15,75.2,75.3,33.1,33.2,"HALF_OPEN_INTERVAL_[WEST,EAST)_AND_[SOUTH,NORTH)",GPM_NATIVE_33.15N_75.25E_row568_col2552,"GPM_NATIVE_33.15N_75.25E_bbox[75.20,33.10,75.30,33.20]",EXACT_AGREEMENT
NH44_SEG_045,75.292731,33.128491,v2_3a_final_segment_inventory.csv,568,2552,GPM_NATIVE_33.15N_75.25E,75.25,33.15,75.2,75.3,33.1,33.2,"HALF_OPEN_INTERVAL_[WEST,EAST)_AND_[SOUTH,NORTH)",GPM_NATIVE_33.15N_75.25E_row568_col2552,"GPM_NATIVE_33.15N_75.25E_bbox[75.20,33.10,75.30,33.20]",EXACT_AGREEMENT
NH44_SEG_046,75.296248,33.131683,v2_3a_final_segment_inventory.csv,568,2552,GPM_NATIVE_33.15N_75.25E,75.25,33.15,75.2,75.3,33.1,33.2,"HALF_OPEN_INTERVAL_[WEST,EAST)_AND_[SOUTH,NORTH)",GPM_NATIVE_33.15N_75.25E_row568_col2552,"GPM_NATIVE_33.15N_75.25E_bbox[75.20,33.10,75.30,33.20]",EXACT_AGREEMENT
NH44_SEG_047,75.298427,33.135394,v2_3a_final_segment_inventory.csv,568,2552,GPM_NATIVE_33.15N_75.25E,75.25,33.15,75.2,75.3,33.1,33.2,"HALF_OPEN_INTERVAL_[WEST,EAST)_AND_[SOUTH,NORTH)",GPM_NATIVE_33.15N_75.25E_row568_col2552,"GPM_NATIVE_33.15N_75.25E_bbox[75.20,33.10,75.30,33.20]",EXACT_AGREEMENT
NH44_SEG_048,75.301138,33.139248,v2_3a_final_segment_inventory.csv,568,2553,GPM_NATIVE_33.15N_75.35E,75.35,33.15,75.3,75.4,33.1,33.2,"HALF_OPEN_INTERVAL_[WEST,EAST)_AND_[SOUTH,NORTH)",GPM_NATIVE_33.15N_75.35E_row568_col2553,"GPM_NATIVE_33.15N_75.35E_bbox[75.30,33.10,75.40,33.20]",EXACT_AGREEMENT
NH44_SEG_049,75.303952,33.142706,v2_3a_final_segment_inventory.csv,568,2553,GPM_NATIVE_33.15N_75.35E,75.35,33.15,75.3,75.4,33.1,33.2,"HALF_OPEN_INTERVAL_[WEST,EAST)_AND_[SOUTH,NORTH)",GPM_NATIVE_33.15N_75.35E_row568_col2553,"GPM_NATIVE_33.15N_75.35E_bbox[75.30,33.10,75.40,33.20]",EXACT_AGREEMENT
NH44_SEG_050,75.305225,33.146815,v2_3a_final_segment_inventory.csv,568,2553,GPM_NATIVE_33.15N_75.35E,75.35,33.15,75.3,75.4,33.1,33.2,"HALF_OPEN_INTERVAL_[WEST,EAST)_AND_[SOUTH,NORTH)",GPM_NATIVE_33.15N_75.35E_row568_col2553,"GPM_NATIVE_33.15N_75.35E_bbox[75.30,33.10,75.40,33.20]",EXACT_AGREEMENT
NH44_SEG_051,75.305631,33.150417,v2_3a_final_segment_inventory.csv,568,2553,GPM_NATIVE_33.15N_75.35E,75.35,33.15,75.3,75.4,33.1,33.2,"HALF_OPEN_INTERVAL_[WEST,EAST)_AND_[SOUTH,NORTH)",GPM_NATIVE_33.15N_75.35E_row568_col2553,"GPM_NATIVE_33.15N_75.35E_bbox[75.30,33.10,75.40,33.20]",EXACT_AGREEMENT
NH44_SEG_052,75.307001,33.154645,v2_3a_final_segment_inventory.csv,568,2553,GPM_NATIVE_33.15N_75.35E,75.35,33.15,75.3,75.4,33.1,33.2,"HALF_OPEN_INTERVAL_[WEST,EAST)_AND_[SOUTH,NORTH)",GPM_NATIVE_33.15N_75.35E_row568_col2553,"GPM_NATIVE_33.15N_75.35E_bbox[75.30,33.10,75.40,33.20]",EXACT_AGREEMENT
NH44_SEG_053,75.308226,33.15894,v2_3a_final_segment_inventory.csv,568,2553,GPM_NATIVE_33.15N_75.35E,75.35,33.15,75.3,75.4,33.1,33.2,"HALF_OPEN_INTERVAL_[WEST,EAST)_AND_[SOUTH,NORTH)",GPM_NATIVE_33.15N_75.35E_row568_col2553,"GPM_NATIVE_33.15N_75.35E_bbox[75.30,33.10,75.40,33.20]",EXACT_AGREEMENT
NH44_SEG_054,75.30939,33.162925,v2_3a_final_segment_inventory.csv,568,2553,GPM_NATIVE_33.15N_75.35E,75.35,33.15,75.3,75.4,33.1,33.2,"HALF_OPEN_INTERVAL_[WEST,EAST)_AND_[SOUTH,NORTH)",GPM_NATIVE_33.15N_75.35E_row568_col2553,"GPM_NATIVE_33.15N_75.35E_bbox[75.30,33.10,75.40,33.20]",EXACT_AGREEMENT
NH44_SEG_055,75.308093,33.165973,v2_3a_final_segment_inventory.csv,568,2553,GPM_NATIVE_33.15N_75.35E,75.35,33.15,75.3,75.4,33.1,33.2,"HALF_OPEN_INTERVAL_[WEST,EAST)_AND_[SOUTH,NORTH)",GPM_NATIVE_33.15N_75.35E_row568_col2553,"GPM_NATIVE_33.15N_75.35E_bbox[75.30,33.10,75.40,33.20]",EXACT_AGREEMENT
NH44_SEG_056,75.303998,33.168683,v2_3a_final_segment_inventory.csv,568,2553,GPM_NATIVE_33.15N_75.35E,75.35,33.15,75.3,75.4,33.1,33.2,"HALF_OPEN_INTERVAL_[WEST,EAST)_AND_[SOUTH,NORTH)",GPM_NATIVE_33.15N_75.35E_row568_col2553,"GPM_NATIVE_33.15N_75.35E_bbox[75.30,33.10,75.40,33.20]",EXACT_AGREEMENT
NH44_SEG_057,75.298941,33.16913,v2_3a_final_segment_inventory.csv,568,2552,GPM_NATIVE_33.15N_75.25E,75.25,33.15,75.2,75.3,33.1,33.2,"HALF_OPEN_INTERVAL_[WEST,EAST)_AND_[SOUTH,NORTH)",GPM_NATIVE_33.15N_75.25E_row568_col2552,"GPM_NATIVE_33.15N_75.25E_bbox[75.20,33.10,75.30,33.20]",EXACT_AGREEMENT
NH44_SEG_058,75.297235,33.170957,v2_3a_final_segment_inventory.csv,568,2552,GPM_NATIVE_33.15N_75.25E,75.25,33.15,75.2,75.3,33.1,33.2,"HALF_OPEN_INTERVAL_[WEST,EAST)_AND_[SOUTH,NORTH)",GPM_NATIVE_33.15N_75.25E_row568_col2552,"GPM_NATIVE_33.15N_75.25E_bbox[75.20,33.10,75.30,33.20]",EXACT_AGREEMENT
NH44_SEG_059,75.300504,33.173949,v2_3a_final_segment_inventory.csv,568,2553,GPM_NATIVE_33.15N_75.35E,75.35,33.15,75.3,75.4,33.1,33.2,"HALF_OPEN_INTERVAL_[WEST,EAST)_AND_[SOUTH,NORTH)",GPM_NATIVE_33.15N_75.35E_row568_col2553,"GPM_NATIVE_33.15N_75.35E_bbox[75.30,33.10,75.40,33.20]",EXACT_AGREEMENT
NH44_SEG_060,75.299112,33.178142,v2_3a_final_segment_inventory.csv,568,2552,GPM_NATIVE_33.15N_75.25E,75.25,33.15,75.2,75.3,33.1,33.2,"HALF_OPEN_INTERVAL_[WEST,EAST)_AND_[SOUTH,NORTH)",GPM_NATIVE_33.15N_75.25E_row568_col2552,"GPM_NATIVE_33.15N_75.25E_bbox[75.20,33.10,75.30,33.20]",EXACT_AGREEMENT
NH44_SEG_061,75.299759,33.181786,v2_3a_final_segment_inventory.csv,568,2552,GPM_NATIVE_33.15N_75.25E,75.25,33.15,75.2,75.3,33.1,33.2,"HALF_OPEN_INTERVAL_[WEST,EAST)_AND_[SOUTH,NORTH)",GPM_NATIVE_33.15N_75.25E_row568_col2552,"GPM_NATIVE_33.15N_75.25E_bbox[75.20,33.10,75.30,33.20]",EXACT_AGREEMENT
NH44_SEG_062,75.301993,33.185487,v2_3a_final_segment_inventory.csv,568,2553,GPM_NATIVE_33.15N_75.35E,75.35,33.15,75.3,75.4,33.1,33.2,"HALF_OPEN_INTERVAL_[WEST,EAST)_AND_[SOUTH,NORTH)",GPM_NATIVE_33.15N_75.35E_row568_col2553,"GPM_NATIVE_33.15N_75.35E_bbox[75.30,33.10,75.40,33.20]",EXACT_AGREEMENT
NH44_SEG_063,75.300667,33.189808,v2_3a_final_segment_inventory.csv,568,2553,GPM_NATIVE_33.15N_75.35E,75.35,33.15,75.3,75.4,33.1,33.2,"HALF_OPEN_INTERVAL_[WEST,EAST)_AND_[SOUTH,NORTH)",GPM_NATIVE_33.15N_75.35E_row568_col2553,"GPM_NATIVE_33.15N_75.35E_bbox[75.30,33.10,75.40,33.20]",EXACT_AGREEMENT
NH44_SEG_064,75.299255,33.194115,v2_3a_final_segment_inventory.csv,568,2552,GPM_NATIVE_33.15N_75.25E,75.25,33.15,75.2,75.3,33.1,33.2,"HALF_OPEN_INTERVAL_[WEST,EAST)_AND_[SOUTH,NORTH)",GPM_NATIVE_33.15N_75.25E_row568_col2552,"GPM_NATIVE_33.15N_75.25E_bbox[75.20,33.10,75.30,33.20]",EXACT_AGREEMENT
NH44_SEG_065,75.296317,33.197778,v2_3a_final_segment_inventory.csv,568,2552,GPM_NATIVE_33.15N_75.25E,75.25,33.15,75.2,75.3,33.1,33.2,"HALF_OPEN_INTERVAL_[WEST,EAST)_AND_[SOUTH,NORTH)",GPM_NATIVE_33.15N_75.25E_row568_col2552,"GPM_NATIVE_33.15N_75.25E_bbox[75.20,33.10,75.30,33.20]",EXACT_AGREEMENT
NH44_SEG_066,75.293423,33.201479,v2_3a_final_segment_inventory.csv,567,2552,GPM_NATIVE_33.25N_75.25E,75.25,33.25,75.2,75.3,33.2,33.3,"HALF_OPEN_INTERVAL_[WEST,EAST)_AND_[SOUTH,NORTH)",GPM_NATIVE_33.25N_75.25E_row567_col2552,"GPM_NATIVE_33.25N_75.25E_bbox[75.20,33.20,75.30,33.30]",EXACT_AGREEMENT
NH44_SEG_067,75.289055,33.203922,v2_3a_final_segment_inventory.csv,567,2552,GPM_NATIVE_33.25N_75.25E,75.25,33.25,75.2,75.3,33.2,33.3,"HALF_OPEN_INTERVAL_[WEST,EAST)_AND_[SOUTH,NORTH)",GPM_NATIVE_33.25N_75.25E_row567_col2552,"GPM_NATIVE_33.25N_75.25E_bbox[75.20,33.20,75.30,33.30]",EXACT_AGREEMENT
NH44_SEG_068,75.284026,33.205364,v2_3a_final_segment_inventory.csv,567,2552,GPM_NATIVE_33.25N_75.25E,75.25,33.25,75.2,75.3,33.2,33.3,"HALF_OPEN_INTERVAL_[WEST,EAST)_AND_[SOUTH,NORTH)",GPM_NATIVE_33.25N_75.25E_row567_col2552,"GPM_NATIVE_33.25N_75.25E_bbox[75.20,33.20,75.30,33.30]",EXACT_AGREEMENT
NH44_SEG_069,75.279299,33.207261,v2_3a_final_segment_inventory.csv,567,2552,GPM_NATIVE_33.25N_75.25E,75.25,33.25,75.2,75.3,33.2,33.3,"HALF_OPEN_INTERVAL_[WEST,EAST)_AND_[SOUTH,NORTH)",GPM_NATIVE_33.25N_75.25E_row567_col2552,"GPM_NATIVE_33.25N_75.25E_bbox[75.20,33.20,75.30,33.30]",EXACT_AGREEMENT
NH44_SEG_070,75.27538,33.210224,v2_3a_final_segment_inventory.csv,567,2552,GPM_NATIVE_33.25N_75.25E,75.25,33.25,75.2,75.3,33.2,33.3,"HALF_OPEN_INTERVAL_[WEST,EAST)_AND_[SOUTH,NORTH)",GPM_NATIVE_33.25N_75.25E_row567_col2552,"GPM_NATIVE_33.25N_75.25E_bbox[75.20,33.20,75.30,33.30]",EXACT_AGREEMENT
NH44_SEG_071,75.272775,33.21348,v2_3a_final_segment_inventory.csv,567,2552,GPM_NATIVE_33.25N_75.25E,75.25,33.25,75.2,75.3,33.2,33.3,"HALF_OPEN_INTERVAL_[WEST,EAST)_AND_[SOUTH,NORTH)",GPM_NATIVE_33.25N_75.25E_row567_col2552,"GPM_NATIVE_33.25N_75.25E_bbox[75.20,33.20,75.30,33.30]",EXACT_AGREEMENT
NH44_SEG_072,75.272475,33.217418,v2_3a_final_segment_inventory.csv,567,2552,GPM_NATIVE_33.25N_75.25E,75.25,33.25,75.2,75.3,33.2,33.3,"HALF_OPEN_INTERVAL_[WEST,EAST)_AND_[SOUTH,NORTH)",GPM_NATIVE_33.25N_75.25E_row567_col2552,"GPM_NATIVE_33.25N_75.25E_bbox[75.20,33.20,75.30,33.30]",EXACT_AGREEMENT
NH44_SEG_073,75.26958,33.22077,v2_3a_final_segment_inventory.csv,567,2552,GPM_NATIVE_33.25N_75.25E,75.25,33.25,75.2,75.3,33.2,33.3,"HALF_OPEN_INTERVAL_[WEST,EAST)_AND_[SOUTH,NORTH)",GPM_NATIVE_33.25N_75.25E_row567_col2552,"GPM_NATIVE_33.25N_75.25E_bbox[75.20,33.20,75.30,33.30]",EXACT_AGREEMENT
NH44_SEG_074,75.266527,33.224456,v2_3a_final_segment_inventory.csv,567,2552,GPM_NATIVE_33.25N_75.25E,75.25,33.25,75.2,75.3,33.2,33.3,"HALF_OPEN_INTERVAL_[WEST,EAST)_AND_[SOUTH,NORTH)",GPM_NATIVE_33.25N_75.25E_row567_col2552,"GPM_NATIVE_33.25N_75.25E_bbox[75.20,33.20,75.30,33.30]",EXACT_AGREEMENT
NH44_SEG_075,75.261437,33.224756,v2_3a_final_segment_inventory.csv,567,2552,GPM_NATIVE_33.25N_75.25E,75.25,33.25,75.2,75.3,33.2,33.3,"HALF_OPEN_INTERVAL_[WEST,EAST)_AND_[SOUTH,NORTH)",GPM_NATIVE_33.25N_75.25E_row567_col2552,"GPM_NATIVE_33.25N_75.25E_bbox[75.20,33.20,75.30,33.30]",EXACT_AGREEMENT
NH44_SEG_076,75.256539,33.226162,v2_3a_final_segment_inventory.csv,567,2552,GPM_NATIVE_33.25N_75.25E,75.25,33.25,75.2,75.3,33.2,33.3,"HALF_OPEN_INTERVAL_[WEST,EAST)_AND_[SOUTH,NORTH)",GPM_NATIVE_33.25N_75.25E_row567_col2552,"GPM_NATIVE_33.25N_75.25E_bbox[75.20,33.20,75.30,33.30]",EXACT_AGREEMENT
NH44_SEG_077,75.252567,33.229164,v2_3a_final_segment_inventory.csv,567,2552,GPM_NATIVE_33.25N_75.25E,75.25,33.25,75.2,75.3,33.2,33.3,"HALF_OPEN_INTERVAL_[WEST,EAST)_AND_[SOUTH,NORTH)",GPM_NATIVE_33.25N_75.25E_row567_col2552,"GPM_NATIVE_33.25N_75.25E_bbox[75.20,33.20,75.30,33.30]",EXACT_AGREEMENT
NH44_SEG_078,75.249029,33.232486,v2_3a_final_segment_inventory.csv,567,2552,GPM_NATIVE_33.25N_75.25E,75.25,33.25,75.2,75.3,33.2,33.3,"HALF_OPEN_INTERVAL_[WEST,EAST)_AND_[SOUTH,NORTH)",GPM_NATIVE_33.25N_75.25E_row567_col2552,"GPM_NATIVE_33.25N_75.25E_bbox[75.20,33.20,75.30,33.30]",EXACT_AGREEMENT
NH44_SEG_079,75.2452,33.235571,v2_3a_final_segment_inventory.csv,567,2552,GPM_NATIVE_33.25N_75.25E,75.25,33.25,75.2,75.3,33.2,33.3,"HALF_OPEN_INTERVAL_[WEST,EAST)_AND_[SOUTH,NORTH)",GPM_NATIVE_33.25N_75.25E_row567_col2552,"GPM_NATIVE_33.25N_75.25E_bbox[75.20,33.20,75.30,33.30]",EXACT_AGREEMENT
NH44_SEG_080,75.240308,33.236959,v2_3a_final_segment_inventory.csv,567,2552,GPM_NATIVE_33.25N_75.25E,75.25,33.25,75.2,75.3,33.2,33.3,"HALF_OPEN_INTERVAL_[WEST,EAST)_AND_[SOUTH,NORTH)",GPM_NATIVE_33.25N_75.25E_row567_col2552,"GPM_NATIVE_33.25N_75.25E_bbox[75.20,33.20,75.30,33.30]",EXACT_AGREEMENT
NH44_SEG_081,75.237062,33.240438,v2_3a_final_segment_inventory.csv,567,2552,GPM_NATIVE_33.25N_75.25E,75.25,33.25,75.2,75.3,33.2,33.3,"HALF_OPEN_INTERVAL_[WEST,EAST)_AND_[SOUTH,NORTH)",GPM_NATIVE_33.25N_75.25E_row567_col2552,"GPM_NATIVE_33.25N_75.25E_bbox[75.20,33.20,75.30,33.30]",EXACT_AGREEMENT
NH44_SEG_082,75.232141,33.242139,v2_3a_final_segment_inventory.csv,567,2552,GPM_NATIVE_33.25N_75.25E,75.25,33.25,75.2,75.3,33.2,33.3,"HALF_OPEN_INTERVAL_[WEST,EAST)_AND_[SOUTH,NORTH)",GPM_NATIVE_33.25N_75.25E_row567_col2552,"GPM_NATIVE_33.25N_75.25E_bbox[75.20,33.20,75.30,33.30]",EXACT_AGREEMENT
NH44_SEG_083,75.227511,33.242312,v2_3a_final_segment_inventory.csv,567,2552,GPM_NATIVE_33.25N_75.25E,75.25,33.25,75.2,75.3,33.2,33.3,"HALF_OPEN_INTERVAL_[WEST,EAST)_AND_[SOUTH,NORTH)",GPM_NATIVE_33.25N_75.25E_row567_col2552,"GPM_NATIVE_33.25N_75.25E_bbox[75.20,33.20,75.30,33.30]",EXACT_AGREEMENT
NH44_SEG_084,75.223415,33.244981,v2_3a_final_segment_inventory.csv,567,2552,GPM_NATIVE_33.25N_75.25E,75.25,33.25,75.2,75.3,33.2,33.3,"HALF_OPEN_INTERVAL_[WEST,EAST)_AND_[SOUTH,NORTH)",GPM_NATIVE_33.25N_75.25E_row567_col2552,"GPM_NATIVE_33.25N_75.25E_bbox[75.20,33.20,75.30,33.30]",EXACT_AGREEMENT
NH44_SEG_085,75.218511,33.245778,v2_3a_final_segment_inventory.csv,567,2552,GPM_NATIVE_33.25N_75.25E,75.25,33.25,75.2,75.3,33.2,33.3,"HALF_OPEN_INTERVAL_[WEST,EAST)_AND_[SOUTH,NORTH)",GPM_NATIVE_33.25N_75.25E_row567_col2552,"GPM_NATIVE_33.25N_75.25E_bbox[75.20,33.20,75.30,33.30]",EXACT_AGREEMENT
NH44_SEG_086,75.213889,33.247992,v2_3a_final_segment_inventory.csv,567,2552,GPM_NATIVE_33.25N_75.25E,75.25,33.25,75.2,75.3,33.2,33.3,"HALF_OPEN_INTERVAL_[WEST,EAST)_AND_[SOUTH,NORTH)",GPM_NATIVE_33.25N_75.25E_row567_col2552,"GPM_NATIVE_33.25N_75.25E_bbox[75.20,33.20,75.30,33.30]",EXACT_AGREEMENT
NH44_SEG_087,75.209978,33.251041,v2_3a_final_segment_inventory.csv,567,2552,GPM_NATIVE_33.25N_75.25E,75.25,33.25,75.2,75.3,33.2,33.3,"HALF_OPEN_INTERVAL_[WEST,EAST)_AND_[SOUTH,NORTH)",GPM_NATIVE_33.25N_75.25E_row567_col2552,"GPM_NATIVE_33.25N_75.25E_bbox[75.20,33.20,75.30,33.30]",EXACT_AGREEMENT
NH44_SEG_088,75.206387,33.254243,v2_3a_final_segment_inventory.csv,567,2552,GPM_NATIVE_33.25N_75.25E,75.25,33.25,75.2,75.3,33.2,33.3,"HALF_OPEN_INTERVAL_[WEST,EAST)_AND_[SOUTH,NORTH)",GPM_NATIVE_33.25N_75.25E_row567_col2552,"GPM_NATIVE_33.25N_75.25E_bbox[75.20,33.20,75.30,33.30]",EXACT_AGREEMENT
NH44_SEG_089,75.203747,33.256666,v2_3a_final_segment_inventory.csv,567,2552,GPM_NATIVE_33.25N_75.25E,75.25,33.25,75.2,75.3,33.2,33.3,"HALF_OPEN_INTERVAL_[WEST,EAST)_AND_[SOUTH,NORTH)",GPM_NATIVE_33.25N_75.25E_row567_col2552,"GPM_NATIVE_33.25N_75.25E_bbox[75.20,33.20,75.30,33.30]",EXACT_AGREEMENT
NH44_SEG_090,75.199364,33.257422,v2_3a_final_segment_inventory.csv,567,2551,GPM_NATIVE_33.25N_75.15E,75.15,33.25,75.1,75.2,33.2,33.3,"HALF_OPEN_INTERVAL_[WEST,EAST)_AND_[SOUTH,NORTH)",GPM_NATIVE_33.25N_75.15E_row567_col2551,"GPM_NATIVE_33.25N_75.15E_bbox[75.10,33.20,75.20,33.30]",EXACT_AGREEMENT
NH44_SEG_091,75.195262,33.258187,v2_3a_final_segment_inventory.csv,567,2551,GPM_NATIVE_33.25N_75.15E,75.15,33.25,75.1,75.2,33.2,33.3,"HALF_OPEN_INTERVAL_[WEST,EAST)_AND_[SOUTH,NORTH)",GPM_NATIVE_33.25N_75.15E_row567_col2551,"GPM_NATIVE_33.25N_75.15E_bbox[75.10,33.20,75.20,33.30]",EXACT_AGREEMENT
NH44_SEG_092,75.191715,33.260405,v2_3a_final_segment_inventory.csv,567,2551,GPM_NATIVE_33.25N_75.15E,75.15,33.25,75.1,75.2,33.2,33.3,"HALF_OPEN_INTERVAL_[WEST,EAST)_AND_[SOUTH,NORTH)",GPM_NATIVE_33.25N_75.15E_row567_col2551,"GPM_NATIVE_33.25N_75.15E_bbox[75.10,33.20,75.20,33.30]",EXACT_AGREEMENT
NH44_SEG_093,75.189093,33.263169,v2_3a_final_segment_inventory.csv,567,2551,GPM_NATIVE_33.25N_75.15E,75.15,33.25,75.1,75.2,33.2,33.3,"HALF_OPEN_INTERVAL_[WEST,EAST)_AND_[SOUTH,NORTH)",GPM_NATIVE_33.25N_75.15E_row567_col2551,"GPM_NATIVE_33.25N_75.15E_bbox[75.10,33.20,75.20,33.30]",EXACT_AGREEMENT
NH44_SEG_094,75.184709,33.265329,v2_3a_final_segment_inventory.csv,567,2551,GPM_NATIVE_33.25N_75.15E,75.15,33.25,75.1,75.2,33.2,33.3,"HALF_OPEN_INTERVAL_[WEST,EAST)_AND_[SOUTH,NORTH)",GPM_NATIVE_33.25N_75.15E_row567_col2551,"GPM_NATIVE_33.25N_75.15E_bbox[75.10,33.20,75.20,33.30]",EXACT_AGREEMENT
NH44_SEG_095,75.182653,33.268399,v2_3a_final_segment_inventory.csv,567,2551,GPM_NATIVE_33.25N_75.15E,75.15,33.25,75.1,75.2,33.2,33.3,"HALF_OPEN_INTERVAL_[WEST,EAST)_AND_[SOUTH,NORTH)",GPM_NATIVE_33.25N_75.15E_row567_col2551,"GPM_NATIVE_33.25N_75.15E_bbox[75.10,33.20,75.20,33.30]",EXACT_AGREEMENT
NH44_SEG_096,75.177979,33.268503,v2_3a_final_segment_inventory.csv,567,2551,GPM_NATIVE_33.25N_75.15E,75.15,33.25,75.1,75.2,33.2,33.3,"HALF_OPEN_INTERVAL_[WEST,EAST)_AND_[SOUTH,NORTH)",GPM_NATIVE_33.25N_75.15E_row567_col2551,"GPM_NATIVE_33.25N_75.15E_bbox[75.10,33.20,75.20,33.30]",EXACT_AGREEMENT
NH44_SEG_097,75.175145,33.270506,v2_3a_final_segment_inventory.csv,567,2551,GPM_NATIVE_33.25N_75.15E,75.15,33.25,75.1,75.2,33.2,33.3,"HALF_OPEN_INTERVAL_[WEST,EAST)_AND_[SOUTH,NORTH)",GPM_NATIVE_33.25N_75.15E_row567_col2551,"GPM_NATIVE_33.25N_75.15E_bbox[75.10,33.20,75.20,33.30]",EXACT_AGREEMENT
NH44_SEG_098,75.176452,33.274019,v2_3a_final_segment_inventory.csv,567,2551,GPM_NATIVE_33.25N_75.15E,75.15,33.25,75.1,75.2,33.2,33.3,"HALF_OPEN_INTERVAL_[WEST,EAST)_AND_[SOUTH,NORTH)",GPM_NATIVE_33.25N_75.15E_row567_col2551,"GPM_NATIVE_33.25N_75.15E_bbox[75.10,33.20,75.20,33.30]",EXACT_AGREEMENT
NH44_SEG_099,75.179337,33.276421,v2_3a_final_segment_inventory.csv,567,2551,GPM_NATIVE_33.25N_75.15E,75.15,33.25,75.1,75.2,33.2,33.3,"HALF_OPEN_INTERVAL_[WEST,EAST)_AND_[SOUTH,NORTH)",GPM_NATIVE_33.25N_75.15E_row567_col2551,"GPM_NATIVE_33.25N_75.15E_bbox[75.10,33.20,75.20,33.30]",EXACT_AGREEMENT
NH44_SEG_100,75.180496,33.279944,v2_3a_final_segment_inventory.csv,567,2551,GPM_NATIVE_33.25N_75.15E,75.15,33.25,75.1,75.2,33.2,33.3,"HALF_OPEN_INTERVAL_[WEST,EAST)_AND_[SOUTH,NORTH)",GPM_NATIVE_33.25N_75.15E_row567_col2551,"GPM_NATIVE_33.25N_75.15E_bbox[75.10,33.20,75.20,33.30]",EXACT_AGREEMENT
NH44_SEG_101,75.178823,33.283142,v2_3a_final_segment_inventory.csv,567,2551,GPM_NATIVE_33.25N_75.15E,75.15,33.25,75.1,75.2,33.2,33.3,"HALF_OPEN_INTERVAL_[WEST,EAST)_AND_[SOUTH,NORTH)",GPM_NATIVE_33.25N_75.15E_row567_col2551,"GPM_NATIVE_33.25N_75.15E_bbox[75.10,33.20,75.20,33.30]",EXACT_AGREEMENT
NH44_SEG_102,75.176238,33.284546,v2_3a_final_segment_inventory.csv,567,2551,GPM_NATIVE_33.25N_75.15E,75.15,33.25,75.1,75.2,33.2,33.3,"HALF_OPEN_INTERVAL_[WEST,EAST)_AND_[SOUTH,NORTH)",GPM_NATIVE_33.25N_75.15E_row567_col2551,"GPM_NATIVE_33.25N_75.15E_bbox[75.10,33.20,75.20,33.30]",EXACT_AGREEMENT
NH44_SEG_103,75.177939,33.288416,v2_3a_final_segment_inventory.csv,567,2551,GPM_NATIVE_33.25N_75.15E,75.15,33.25,75.1,75.2,33.2,33.3,"HALF_OPEN_INTERVAL_[WEST,EAST)_AND_[SOUTH,NORTH)",GPM_NATIVE_33.25N_75.15E_row567_col2551,"GPM_NATIVE_33.25N_75.15E_bbox[75.10,33.20,75.20,33.30]",EXACT_AGREEMENT
NH44_SEG_104,75.176845,33.292312,v2_3a_final_segment_inventory.csv,567,2551,GPM_NATIVE_33.25N_75.15E,75.15,33.25,75.1,75.2,33.2,33.3,"HALF_OPEN_INTERVAL_[WEST,EAST)_AND_[SOUTH,NORTH)",GPM_NATIVE_33.25N_75.15E_row567_col2551,"GPM_NATIVE_33.25N_75.15E_bbox[75.10,33.20,75.20,33.30]",EXACT_AGREEMENT
NH44_SEG_105,75.175883,33.296416,v2_3a_final_segment_inventory.csv,567,2551,GPM_NATIVE_33.25N_75.15E,75.15,33.25,75.1,75.2,33.2,33.3,"HALF_OPEN_INTERVAL_[WEST,EAST)_AND_[SOUTH,NORTH)",GPM_NATIVE_33.25N_75.15E_row567_col2551,"GPM_NATIVE_33.25N_75.15E_bbox[75.10,33.20,75.20,33.30]",EXACT_AGREEMENT
NH44_SEG_106,75.180405,33.296039,v2_3a_final_segment_inventory.csv,567,2551,GPM_NATIVE_33.25N_75.15E,75.15,33.25,75.1,75.2,33.2,33.3,"HALF_OPEN_INTERVAL_[WEST,EAST)_AND_[SOUTH,NORTH)",GPM_NATIVE_33.25N_75.15E_row567_col2551,"GPM_NATIVE_33.25N_75.15E_bbox[75.10,33.20,75.20,33.30]",EXACT_AGREEMENT
NH44_SEG_107,75.181795,33.29682,v2_3a_final_segment_inventory.csv,567,2551,GPM_NATIVE_33.25N_75.15E,75.15,33.25,75.1,75.2,33.2,33.3,"HALF_OPEN_INTERVAL_[WEST,EAST)_AND_[SOUTH,NORTH)",GPM_NATIVE_33.25N_75.15E_row567_col2551,"GPM_NATIVE_33.25N_75.15E_bbox[75.10,33.20,75.20,33.30]",EXACT_AGREEMENT
NH44_SEG_108,75.181484,33.300866,v2_3a_final_segment_inventory.csv,566,2551,GPM_NATIVE_33.35N_75.15E,75.15,33.35,75.1,75.2,33.3,33.4,"HALF_OPEN_INTERVAL_[WEST,EAST)_AND_[SOUTH,NORTH)",GPM_NATIVE_33.35N_75.15E_row566_col2551,"GPM_NATIVE_33.35N_75.15E_bbox[75.10,33.30,75.20,33.40]",EXACT_AGREEMENT
NH44_SEG_109,75.182362,33.305088,v2_3a_final_segment_inventory.csv,566,2551,GPM_NATIVE_33.35N_75.15E,75.15,33.35,75.1,75.2,33.3,33.4,"HALF_OPEN_INTERVAL_[WEST,EAST)_AND_[SOUTH,NORTH)",GPM_NATIVE_33.35N_75.15E_row566_col2551,"GPM_NATIVE_33.35N_75.15E_bbox[75.10,33.30,75.20,33.40]",EXACT_AGREEMENT
NH44_SEG_110,75.181956,33.308773,v2_3a_final_segment_inventory.csv,566,2551,GPM_NATIVE_33.35N_75.15E,75.15,33.35,75.1,75.2,33.3,33.4,"HALF_OPEN_INTERVAL_[WEST,EAST)_AND_[SOUTH,NORTH)",GPM_NATIVE_33.35N_75.15E_row566_col2551,"GPM_NATIVE_33.35N_75.15E_bbox[75.10,33.30,75.20,33.40]",EXACT_AGREEMENT
NH44_SEG_111,75.185996,33.31141,v2_3a_final_segment_inventory.csv,566,2551,GPM_NATIVE_33.35N_75.15E,75.15,33.35,75.1,75.2,33.3,33.4,"HALF_OPEN_INTERVAL_[WEST,EAST)_AND_[SOUTH,NORTH)",GPM_NATIVE_33.35N_75.15E_row566_col2551,"GPM_NATIVE_33.35N_75.15E_bbox[75.10,33.30,75.20,33.40]",EXACT_AGREEMENT
NH44_SEG_112,75.188585,33.312718,v2_3a_final_segment_inventory.csv,566,2551,GPM_NATIVE_33.35N_75.15E,75.15,33.35,75.1,75.2,33.3,33.4,"HALF_OPEN_INTERVAL_[WEST,EAST)_AND_[SOUTH,NORTH)",GPM_NATIVE_33.35N_75.15E_row566_col2551,"GPM_NATIVE_33.35N_75.15E_bbox[75.10,33.30,75.20,33.40]",EXACT_AGREEMENT
NH44_SEG_113,75.192016,33.314337,v2_3a_final_segment_inventory.csv,566,2551,GPM_NATIVE_33.35N_75.15E,75.15,33.35,75.1,75.2,33.3,33.4,"HALF_OPEN_INTERVAL_[WEST,EAST)_AND_[SOUTH,NORTH)",GPM_NATIVE_33.35N_75.15E_row566_col2551,"GPM_NATIVE_33.35N_75.15E_bbox[75.10,33.30,75.20,33.40]",EXACT_AGREEMENT
NH44_SEG_114,75.195018,33.318051,v2_3a_final_segment_inventory.csv,566,2551,GPM_NATIVE_33.35N_75.15E,75.15,33.35,75.1,75.2,33.3,33.4,"HALF_OPEN_INTERVAL_[WEST,EAST)_AND_[SOUTH,NORTH)",GPM_NATIVE_33.35N_75.15E_row566_col2551,"GPM_NATIVE_33.35N_75.15E_bbox[75.10,33.30,75.20,33.40]",EXACT_AGREEMENT
NH44_SEG_115,75.198164,33.321701,v2_3a_final_segment_inventory.csv,566,2551,GPM_NATIVE_33.35N_75.15E,75.15,33.35,75.1,75.2,33.3,33.4,"HALF_OPEN_INTERVAL_[WEST,EAST)_AND_[SOUTH,NORTH)",GPM_NATIVE_33.35N_75.15E_row566_col2551,"GPM_NATIVE_33.35N_75.15E_bbox[75.10,33.30,75.20,33.40]",EXACT_AGREEMENT
NH44_SEG_116,75.199074,33.32597,v2_3a_final_segment_inventory.csv,566,2551,GPM_NATIVE_33.35N_75.15E,75.15,33.35,75.1,75.2,33.3,33.4,"HALF_OPEN_INTERVAL_[WEST,EAST)_AND_[SOUTH,NORTH)",GPM_NATIVE_33.35N_75.15E_row566_col2551,"GPM_NATIVE_33.35N_75.15E_bbox[75.10,33.30,75.20,33.40]",EXACT_AGREEMENT
NH44_SEG_117,75.200053,33.330305,v2_3a_final_segment_inventory.csv,566,2552,GPM_NATIVE_33.35N_75.25E,75.25,33.35,75.2,75.3,33.3,33.4,"HALF_OPEN_INTERVAL_[WEST,EAST)_AND_[SOUTH,NORTH)",GPM_NATIVE_33.35N_75.25E_row566_col2552,"GPM_NATIVE_33.35N_75.25E_bbox[75.20,33.30,75.30,33.40]",EXACT_AGREEMENT
NH44_SEG_118,75.197965,33.333695,v2_3a_final_segment_inventory.csv,566,2551,GPM_NATIVE_33.35N_75.15E,75.15,33.35,75.1,75.2,33.3,33.4,"HALF_OPEN_INTERVAL_[WEST,EAST)_AND_[SOUTH,NORTH)",GPM_NATIVE_33.35N_75.15E_row566_col2551,"GPM_NATIVE_33.35N_75.15E_bbox[75.10,33.30,75.20,33.40]",EXACT_AGREEMENT
NH44_SEG_119,75.193649,33.335971,v2_3a_final_segment_inventory.csv,566,2551,GPM_NATIVE_33.35N_75.15E,75.15,33.35,75.1,75.2,33.3,33.4,"HALF_OPEN_INTERVAL_[WEST,EAST)_AND_[SOUTH,NORTH)",GPM_NATIVE_33.35N_75.15E_row566_col2551,"GPM_NATIVE_33.35N_75.15E_bbox[75.10,33.30,75.20,33.40]",EXACT_AGREEMENT
NH44_SEG_120,75.192114,33.338493,v2_3a_final_segment_inventory.csv,566,2551,GPM_NATIVE_33.35N_75.15E,75.15,33.35,75.1,75.2,33.3,33.4,"HALF_OPEN_INTERVAL_[WEST,EAST)_AND_[SOUTH,NORTH)",GPM_NATIVE_33.35N_75.15E_row566_col2551,"GPM_NATIVE_33.35N_75.15E_bbox[75.10,33.30,75.20,33.40]",EXACT_AGREEMENT
NH44_SEG_121,75.188125,33.341146,v2_3a_final_segment_inventory.csv,566,2551,GPM_NATIVE_33.35N_75.15E,75.15,33.35,75.1,75.2,33.3,33.4,"HALF_OPEN_INTERVAL_[WEST,EAST)_AND_[SOUTH,NORTH)",GPM_NATIVE_33.35N_75.15E_row566_col2551,"GPM_NATIVE_33.35N_75.15E_bbox[75.10,33.30,75.20,33.40]",EXACT_AGREEMENT
NH44_SEG_122,75.184712,33.344575,v2_3a_final_segment_inventory.csv,566,2551,GPM_NATIVE_33.35N_75.15E,75.15,33.35,75.1,75.2,33.3,33.4,"HALF_OPEN_INTERVAL_[WEST,EAST)_AND_[SOUTH,NORTH)",GPM_NATIVE_33.35N_75.15E_row566_col2551,"GPM_NATIVE_33.35N_75.15E_bbox[75.10,33.30,75.20,33.40]",EXACT_AGREEMENT
NH44_SEG_123,75.180627,33.347137,v2_3a_final_segment_inventory.csv,566,2551,GPM_NATIVE_33.35N_75.15E,75.15,33.35,75.1,75.2,33.3,33.4,"HALF_OPEN_INTERVAL_[WEST,EAST)_AND_[SOUTH,NORTH)",GPM_NATIVE_33.35N_75.15E_row566_col2551,"GPM_NATIVE_33.35N_75.15E_bbox[75.10,33.30,75.20,33.40]",EXACT_AGREEMENT
NH44_SEG_124,75.179889,33.350623,v2_3a_final_segment_inventory.csv,566,2551,GPM_NATIVE_33.35N_75.15E,75.15,33.35,75.1,75.2,33.3,33.4,"HALF_OPEN_INTERVAL_[WEST,EAST)_AND_[SOUTH,NORTH)",GPM_NATIVE_33.35N_75.15E_row566_col2551,"GPM_NATIVE_33.35N_75.15E_bbox[75.10,33.30,75.20,33.40]",EXACT_AGREEMENT
NH44_SEG_125,75.175277,33.352093,v2_3a_final_segment_inventory.csv,566,2551,GPM_NATIVE_33.35N_75.15E,75.15,33.35,75.1,75.2,33.3,33.4,"HALF_OPEN_INTERVAL_[WEST,EAST)_AND_[SOUTH,NORTH)",GPM_NATIVE_33.35N_75.15E_row566_col2551,"GPM_NATIVE_33.35N_75.15E_bbox[75.10,33.30,75.20,33.40]",EXACT_AGREEMENT
NH44_SEG_126,75.171487,33.354821,v2_3a_final_segment_inventory.csv,566,2551,GPM_NATIVE_33.35N_75.15E,75.15,33.35,75.1,75.2,33.3,33.4,"HALF_OPEN_INTERVAL_[WEST,EAST)_AND_[SOUTH,NORTH)",GPM_NATIVE_33.35N_75.15E_row566_col2551,"GPM_NATIVE_33.35N_75.15E_bbox[75.10,33.30,75.20,33.40]",EXACT_AGREEMENT
NH44_SEG_127,75.171727,33.359024,v2_3a_final_segment_inventory.csv,566,2551,GPM_NATIVE_33.35N_75.15E,75.15,33.35,75.1,75.2,33.3,33.4,"HALF_OPEN_INTERVAL_[WEST,EAST)_AND_[SOUTH,NORTH)",GPM_NATIVE_33.35N_75.15E_row566_col2551,"GPM_NATIVE_33.35N_75.15E_bbox[75.10,33.30,75.20,33.40]",EXACT_AGREEMENT
NH44_SEG_128,75.175556,33.361802,v2_3a_final_segment_inventory.csv,566,2551,GPM_NATIVE_33.35N_75.15E,75.15,33.35,75.1,75.2,33.3,33.4,"HALF_OPEN_INTERVAL_[WEST,EAST)_AND_[SOUTH,NORTH)",GPM_NATIVE_33.35N_75.15E_row566_col2551,"GPM_NATIVE_33.35N_75.15E_bbox[75.10,33.30,75.20,33.40]",EXACT_AGREEMENT
NH44_SEG_129,75.179159,33.364341,v2_3a_final_segment_inventory.csv,566,2551,GPM_NATIVE_33.35N_75.15E,75.15,33.35,75.1,75.2,33.3,33.4,"HALF_OPEN_INTERVAL_[WEST,EAST)_AND_[SOUTH,NORTH)",GPM_NATIVE_33.35N_75.15E_row566_col2551,"GPM_NATIVE_33.35N_75.15E_bbox[75.10,33.30,75.20,33.40]",EXACT_AGREEMENT
NH44_SEG_130,75.183427,33.365573,v2_3a_final_segment_inventory.csv,566,2551,GPM_NATIVE_33.35N_75.15E,75.15,33.35,75.1,75.2,33.3,33.4,"HALF_OPEN_INTERVAL_[WEST,EAST)_AND_[SOUTH,NORTH)",GPM_NATIVE_33.35N_75.15E_row566_col2551,"GPM_NATIVE_33.35N_75.15E_bbox[75.10,33.30,75.20,33.40]",EXACT_AGREEMENT
NH44_SEG_131,75.187907,33.367217,v2_3a_final_segment_inventory.csv,566,2551,GPM_NATIVE_33.35N_75.15E,75.15,33.35,75.1,75.2,33.3,33.4,"HALF_OPEN_INTERVAL_[WEST,EAST)_AND_[SOUTH,NORTH)",GPM_NATIVE_33.35N_75.15E_row566_col2551,"GPM_NATIVE_33.35N_75.15E_bbox[75.10,33.30,75.20,33.40]",EXACT_AGREEMENT
NH44_SEG_132,75.192128,33.369403,v2_3a_final_segment_inventory.csv,566,2551,GPM_NATIVE_33.35N_75.15E,75.15,33.35,75.1,75.2,33.3,33.4,"HALF_OPEN_INTERVAL_[WEST,EAST)_AND_[SOUTH,NORTH)",GPM_NATIVE_33.35N_75.15E_row566_col2551,"GPM_NATIVE_33.35N_75.15E_bbox[75.10,33.30,75.20,33.40]",EXACT_AGREEMENT
NH44_SEG_133,75.195227,33.37269,v2_3a_final_segment_inventory.csv,566,2551,GPM_NATIVE_33.35N_75.15E,75.15,33.35,75.1,75.2,33.3,33.4,"HALF_OPEN_INTERVAL_[WEST,EAST)_AND_[SOUTH,NORTH)",GPM_NATIVE_33.35N_75.15E_row566_col2551,"GPM_NATIVE_33.35N_75.15E_bbox[75.10,33.30,75.20,33.40]",EXACT_AGREEMENT
NH44_SEG_134,75.198306,33.376336,v2_3a_final_segment_inventory.csv,566,2551,GPM_NATIVE_33.35N_75.15E,75.15,33.35,75.1,75.2,33.3,33.4,"HALF_OPEN_INTERVAL_[WEST,EAST)_AND_[SOUTH,NORTH)",GPM_NATIVE_33.35N_75.15E_row566_col2551,"GPM_NATIVE_33.35N_75.15E_bbox[75.10,33.30,75.20,33.40]",EXACT_AGREEMENT
NH44_SEG_135,75.20116,33.379435,v2_3a_final_segment_inventory.csv,566,2552,GPM_NATIVE_33.35N_75.25E,75.25,33.35,75.2,75.3,33.3,33.4,"HALF_OPEN_INTERVAL_[WEST,EAST)_AND_[SOUTH,NORTH)",GPM_NATIVE_33.35N_75.25E_row566_col2552,"GPM_NATIVE_33.35N_75.25E_bbox[75.20,33.30,75.30,33.40]",EXACT_AGREEMENT
NH44_SEG_136,75.201282,33.383753,v2_3a_final_segment_inventory.csv,566,2552,GPM_NATIVE_33.35N_75.25E,75.25,33.35,75.2,75.3,33.3,33.4,"HALF_OPEN_INTERVAL_[WEST,EAST)_AND_[SOUTH,NORTH)",GPM_NATIVE_33.35N_75.25E_row566_col2552,"GPM_NATIVE_33.35N_75.25E_bbox[75.20,33.30,75.30,33.40]",EXACT_AGREEMENT
NH44_SEG_137,75.202601,33.388061,v2_3a_final_segment_inventory.csv,566,2552,GPM_NATIVE_33.35N_75.25E,75.25,33.35,75.2,75.3,33.3,33.4,"HALF_OPEN_INTERVAL_[WEST,EAST)_AND_[SOUTH,NORTH)",GPM_NATIVE_33.35N_75.25E_row566_col2552,"GPM_NATIVE_33.35N_75.25E_bbox[75.20,33.30,75.30,33.40]",EXACT_AGREEMENT
NH44_SEG_138,75.19927,33.390336,v2_3a_final_segment_inventory.csv,566,2551,GPM_NATIVE_33.35N_75.15E,75.15,33.35,75.1,75.2,33.3,33.4,"HALF_OPEN_INTERVAL_[WEST,EAST)_AND_[SOUTH,NORTH)",GPM_NATIVE_33.35N_75.15E_row566_col2551,"GPM_NATIVE_33.35N_75.15E_bbox[75.10,33.30,75.20,33.40]",EXACT_AGREEMENT
NH44_SEG_139,75.197508,33.39446,v2_3a_final_segment_inventory.csv,566,2551,GPM_NATIVE_33.35N_75.15E,75.15,33.35,75.1,75.2,33.3,33.4,"HALF_OPEN_INTERVAL_[WEST,EAST)_AND_[SOUTH,NORTH)",GPM_NATIVE_33.35N_75.15E_row566_col2551,"GPM_NATIVE_33.35N_75.15E_bbox[75.10,33.30,75.20,33.40]",EXACT_AGREEMENT
NH44_SEG_140,75.196189,33.398762,v2_3a_final_segment_inventory.csv,566,2551,GPM_NATIVE_33.35N_75.15E,75.15,33.35,75.1,75.2,33.3,33.4,"HALF_OPEN_INTERVAL_[WEST,EAST)_AND_[SOUTH,NORTH)",GPM_NATIVE_33.35N_75.15E_row566_col2551,"GPM_NATIVE_33.35N_75.15E_bbox[75.10,33.30,75.20,33.40]",EXACT_AGREEMENT
NH44_SEG_141,75.196392,33.402618,v2_3a_final_segment_inventory.csv,565,2551,GPM_NATIVE_33.45N_75.15E,75.15,33.45,75.1,75.2,33.4,33.5,"HALF_OPEN_INTERVAL_[WEST,EAST)_AND_[SOUTH,NORTH)",GPM_NATIVE_33.45N_75.15E_row565_col2551,"GPM_NATIVE_33.45N_75.15E_bbox[75.10,33.40,75.20,33.50]",EXACT_AGREEMENT
NH44_SEG_142,75.198734,33.406471,v2_3a_final_segment_inventory.csv,565,2551,GPM_NATIVE_33.45N_75.15E,75.15,33.45,75.1,75.2,33.4,33.5,"HALF_OPEN_INTERVAL_[WEST,EAST)_AND_[SOUTH,NORTH)",GPM_NATIVE_33.45N_75.15E_row565_col2551,"GPM_NATIVE_33.45N_75.15E_bbox[75.10,33.40,75.20,33.50]",EXACT_AGREEMENT
NH44_SEG_143,75.20252,33.409138,v2_3a_final_segment_inventory.csv,565,2552,GPM_NATIVE_33.45N_75.25E,75.25,33.45,75.2,75.3,33.4,33.5,"HALF_OPEN_INTERVAL_[WEST,EAST)_AND_[SOUTH,NORTH)",GPM_NATIVE_33.45N_75.25E_row565_col2552,"GPM_NATIVE_33.45N_75.25E_bbox[75.20,33.40,75.30,33.50]",EXACT_AGREEMENT
NH44_SEG_144,75.2047,33.413041,v2_3a_final_segment_inventory.csv,565,2552,GPM_NATIVE_33.45N_75.25E,75.25,33.45,75.2,75.3,33.4,33.5,"HALF_OPEN_INTERVAL_[WEST,EAST)_AND_[SOUTH,NORTH)",GPM_NATIVE_33.45N_75.25E_row565_col2552,"GPM_NATIVE_33.45N_75.25E_bbox[75.20,33.40,75.30,33.50]",EXACT_AGREEMENT
NH44_SEG_145,75.204695,33.41706,v2_3a_final_segment_inventory.csv,565,2552,GPM_NATIVE_33.45N_75.25E,75.25,33.45,75.2,75.3,33.4,33.5,"HALF_OPEN_INTERVAL_[WEST,EAST)_AND_[SOUTH,NORTH)",GPM_NATIVE_33.45N_75.25E_row565_col2552,"GPM_NATIVE_33.45N_75.25E_bbox[75.20,33.40,75.30,33.50]",EXACT_AGREEMENT
NH44_SEG_146,75.204725,33.421419,v2_3a_final_segment_inventory.csv,565,2552,GPM_NATIVE_33.45N_75.25E,75.25,33.45,75.2,75.3,33.4,33.5,"HALF_OPEN_INTERVAL_[WEST,EAST)_AND_[SOUTH,NORTH)",GPM_NATIVE_33.45N_75.25E_row565_col2552,"GPM_NATIVE_33.45N_75.25E_bbox[75.20,33.40,75.30,33.50]",EXACT_AGREEMENT
NH44_SEG_147,75.204652,33.425858,v2_3a_final_segment_inventory.csv,565,2552,GPM_NATIVE_33.45N_75.25E,75.25,33.45,75.2,75.3,33.4,33.5,"HALF_OPEN_INTERVAL_[WEST,EAST)_AND_[SOUTH,NORTH)",GPM_NATIVE_33.45N_75.25E_row565_col2552,"GPM_NATIVE_33.45N_75.25E_bbox[75.20,33.40,75.30,33.50]",EXACT_AGREEMENT
NH44_SEG_148,75.200159,33.428297,v2_3a_final_segment_inventory.csv,565,2552,GPM_NATIVE_33.45N_75.25E,75.25,33.45,75.2,75.3,33.4,33.5,"HALF_OPEN_INTERVAL_[WEST,EAST)_AND_[SOUTH,NORTH)",GPM_NATIVE_33.45N_75.25E_row565_col2552,"GPM_NATIVE_33.45N_75.25E_bbox[75.20,33.40,75.30,33.50]",EXACT_AGREEMENT
NH44_SEG_149,75.197099,33.431778,v2_3a_final_segment_inventory.csv,565,2551,GPM_NATIVE_33.45N_75.15E,75.15,33.45,75.1,75.2,33.4,33.5,"HALF_OPEN_INTERVAL_[WEST,EAST)_AND_[SOUTH,NORTH)",GPM_NATIVE_33.45N_75.15E_row565_col2551,"GPM_NATIVE_33.45N_75.15E_bbox[75.10,33.40,75.20,33.50]",EXACT_AGREEMENT
NH44_SEG_150,75.194156,33.435473,v2_3a_final_segment_inventory.csv,565,2551,GPM_NATIVE_33.45N_75.15E,75.15,33.45,75.1,75.2,33.4,33.5,"HALF_OPEN_INTERVAL_[WEST,EAST)_AND_[SOUTH,NORTH)",GPM_NATIVE_33.45N_75.15E_row565_col2551,"GPM_NATIVE_33.45N_75.15E_bbox[75.10,33.40,75.20,33.50]",EXACT_AGREEMENT
NH44_SEG_151,75.192382,33.439437,v2_3a_final_segment_inventory.csv,565,2551,GPM_NATIVE_33.45N_75.15E,75.15,33.45,75.1,75.2,33.4,33.5,"HALF_OPEN_INTERVAL_[WEST,EAST)_AND_[SOUTH,NORTH)",GPM_NATIVE_33.45N_75.15E_row565_col2551,"GPM_NATIVE_33.45N_75.15E_bbox[75.10,33.40,75.20,33.50]",EXACT_AGREEMENT
NH44_SEG_152,75.189748,33.442962,v2_3a_final_segment_inventory.csv,565,2551,GPM_NATIVE_33.45N_75.15E,75.15,33.45,75.1,75.2,33.4,33.5,"HALF_OPEN_INTERVAL_[WEST,EAST)_AND_[SOUTH,NORTH)",GPM_NATIVE_33.45N_75.15E_row565_col2551,"GPM_NATIVE_33.45N_75.15E_bbox[75.10,33.40,75.20,33.50]",EXACT_AGREEMENT
NH44_SEG_153,75.18949,33.44728,v2_3a_final_segment_inventory.csv,565,2551,GPM_NATIVE_33.45N_75.15E,75.15,33.45,75.1,75.2,33.4,33.5,"HALF_OPEN_INTERVAL_[WEST,EAST)_AND_[SOUTH,NORTH)",GPM_NATIVE_33.45N_75.15E_row565_col2551,"GPM_NATIVE_33.45N_75.15E_bbox[75.10,33.40,75.20,33.50]",EXACT_AGREEMENT
NH44_SEG_154,75.191166,33.451565,v2_3a_final_segment_inventory.csv,565,2551,GPM_NATIVE_33.45N_75.15E,75.15,33.45,75.1,75.2,33.4,33.5,"HALF_OPEN_INTERVAL_[WEST,EAST)_AND_[SOUTH,NORTH)",GPM_NATIVE_33.45N_75.15E_row565_col2551,"GPM_NATIVE_33.45N_75.15E_bbox[75.10,33.40,75.20,33.50]",EXACT_AGREEMENT
NH44_SEG_155,75.191148,33.455711,v2_3a_final_segment_inventory.csv,565,2551,GPM_NATIVE_33.45N_75.15E,75.15,33.45,75.1,75.2,33.4,33.5,"HALF_OPEN_INTERVAL_[WEST,EAST)_AND_[SOUTH,NORTH)",GPM_NATIVE_33.45N_75.15E_row565_col2551,"GPM_NATIVE_33.45N_75.15E_bbox[75.10,33.40,75.20,33.50]",EXACT_AGREEMENT
NH44_SEG_156,75.188053,33.4593,v2_3a_final_segment_inventory.csv,565,2551,GPM_NATIVE_33.45N_75.15E,75.15,33.45,75.1,75.2,33.4,33.5,"HALF_OPEN_INTERVAL_[WEST,EAST)_AND_[SOUTH,NORTH)",GPM_NATIVE_33.45N_75.15E_row565_col2551,"GPM_NATIVE_33.45N_75.15E_bbox[75.10,33.40,75.20,33.50]",EXACT_AGREEMENT
NH44_SEG_157,75.187429,33.463688,v2_3a_final_segment_inventory.csv,565,2551,GPM_NATIVE_33.45N_75.15E,75.15,33.45,75.1,75.2,33.4,33.5,"HALF_OPEN_INTERVAL_[WEST,EAST)_AND_[SOUTH,NORTH)",GPM_NATIVE_33.45N_75.15E_row565_col2551,"GPM_NATIVE_33.45N_75.15E_bbox[75.10,33.40,75.20,33.50]",EXACT_AGREEMENT
NH44_SEG_158,75.187496,33.466463,v2_3a_final_segment_inventory.csv,565,2551,GPM_NATIVE_33.45N_75.15E,75.15,33.45,75.1,75.2,33.4,33.5,"HALF_OPEN_INTERVAL_[WEST,EAST)_AND_[SOUTH,NORTH)",GPM_NATIVE_33.45N_75.15E_row565_col2551,"GPM_NATIVE_33.45N_75.15E_bbox[75.10,33.40,75.20,33.50]",EXACT_AGREEMENT
